games_processed,moveset_size
1,43
2,57
3,77
4,85
5,89
6,96
7,102
8,105
9,106
10,108
11,110
12,118
13,129
14,129
15,132
16,133
17,133
18,135
19,143
20,144
21,152
22,154
23,157
24,161
25,167
26,177
27,180
28,183
29,188
30,189
31,192
32,195
33,197
34,203
35,204
36,205
37,207
38,210
39,217
40,219
41,223
42,223
43,226
44,229
45,229
46,234
47,235
48,238
49,242
50,243
51,248
52,256
53,256
54,256
55,256
56,259
57,260
58,262
59,262
60,264
61,265
62,266
63,269
64,272
65,272
66,273
67,274
68,274
69,277
70,277
71,283
72,285
73,287
74,290
75,293
76,317
77,318
78,318
79,321
80,323
81,328
82,328
83,331
84,332
85,333
86,333
87,337
88,338
89,338
90,340
91,340
92,341
93,345
94,346
95,347
96,347
97,347
98,347
99,358
100,359
101,368
102,381
103,382
104,395
105,411
106,411
107,424
108,430
109,430
110,448
111,456
112,462
113,466
114,475
115,485
116,502
117,506
118,508
119,510
120,510
121,511
122,511
123,516
124,522
125,525
126,525
127,534
128,536
129,548
130,556
131,562
132,565
133,577
134,583
135,591
136,599
137,601
138,602
139,610
140,613
141,619
142,629
143,630
144,637
145,641
146,643
147,645
148,646
149,651
150,651
151,651
152,652
153,654
154,656
155,658
156,663
157,677
158,679
159,688
160,690
161,693
162,698
163,703
164,705
165,708
166,714
167,718
168,719
169,719
170,722
171,723
172,730
173,742
174,744
175,747
176,751
177,757
178,761
179,762
180,762
181,762
182,773
183,774
184,776
185,776
186,776
187,777
188,778
189,779
190,779
191,780
192,782
193,788
194,788
195,791
196,793
197,798
198,800
199,800
200,800
201,800
202,801
203,801
204,802
205,804
206,806
207,807
208,807
209,807
210,807
211,809
212,811
213,811
214,811
215,811
216,816
217,818
218,819
219,820
220,820
221,822
222,824
223,827
224,829
225,829
226,829
227,830
228,830
229,830
230,831
231,836
232,842
233,843
234,848
235,854
236,857
237,862
238,862
239,864
240,875
241,882
242,885
243,888
244,889
245,889
246,890
247,891
248,892
249,893
250,893
251,893
252,893
253,893
254,893
255,893
256,895
257,900
258,900
259,901
260,901
261,905
262,910
263,912
264,912
265,912
266,914
267,915
268,919
269,920
270,922
271,925
272,926
273,930
274,931
275,931
276,933
277,933
278,935
279,935
280,935
281,935
282,935
283,938
284,939
285,943
286,949
287,949
288,952
289,952
290,953
291,954
292,954
293,954
294,954
295,954
296,954
297,955
298,956
299,957
300,957
301,958
302,958
303,958
304,958
305,960
306,961
307,962
308,962
309,962
310,968
311,982
312,983
313,984
314,984
315,987
316,989
317,990
318,992
319,992
320,993
321,995
322,999
323,1002
324,1003
325,1003
326,1004
327,1006
328,1011
329,1015
330,1026
331,1032
332,1033
333,1039
334,1042
335,1043
336,1056
337,1059
338,1060
339,1066
340,1080
341,1082
342,1082
343,1082
344,1082
345,1082
346,1097
347,1102
348,1104
349,1105
350,1105
351,1106
352,1114
353,1115
354,1117
355,1119
356,1121
357,1121
358,1122
359,1130
360,1130
361,1132
362,1132
363,1133
364,1133
365,1136
366,1140
367,1147
368,1148
369,1154
370,1160
371,1161
372,1162
373,1166
374,1167
375,1169
376,1172
377,1172
378,1173
379,1173
380,1175
381,1176
382,1176
383,1179
384,1180
385,1181
386,1181
387,1185
388,1185
389,1188
390,1188
391,1190
392,1193
393,1196
394,1202
395,1202
396,1205
397,1205
398,1209
399,1209
400,1211
401,1213
402,1219
403,1219
404,1220
405,1221
406,1224
407,1227
408,1227
409,1227
410,1230
411,1232
412,1235
413,1238
414,1242
415,1243
416,1248
417,1249
418,1249
419,1250
420,1252
421,1254
422,1254
423,1258
424,1260
425,1260
426,1261
427,1261
428,1261
429,1261
430,1263
431,1263
432,1265
433,1265
434,1268
435,1268
436,1268
437,1269
438,1269
439,1272
440,1274
441,1275
442,1275
443,1276
444,1276
445,1276
446,1278
447,1278
448,1278
449,1279
450,1279
451,1279
452,1280
453,1281
454,1281
455,1282
456,1283
457,1284
458,1288
459,1293
460,1293
461,1293
462,1293
463,1294
464,1297
465,1302
466,1304
467,1304
468,1305
469,1305
470,1305
471,1305
472,1307
473,1307
474,1307
475,1308
476,1310
477,1312
478,1314
479,1320
480,1321
481,1321
482,1321
483,1325
484,1325
485,1327
486,1327
487,1327
488,1331
489,1331
490,1331
491,1331
492,1332
493,1332
494,1332
495,1334
496,1337
497,1337
498,1339
499,1341
500,1341
501,1342
502,1343
503,1344
504,1346
505,1346
506,1347
507,1347
508,1348
509,1349
510,1349
511,1350
512,1351
513,1352
514,1353
515,1353
516,1353
517,1353
518,1353
519,1353
520,1353
521,1353
522,1353
523,1353
524,1353
525,1355
526,1355
527,1356
528,1356
529,1356
530,1356
531,1357
532,1357
533,1357
534,1357
535,1358
536,1359
537,1359
538,1360
539,1360
540,1360
541,1360
542,1360
543,1360
544,1360
545,1360
546,1360
547,1360
548,1361
549,1361
550,1365
551,1365
552,1365
553,1365
554,1365
555,1366
556,1369
557,1369
558,1370
559,1370
560,1370
561,1370
562,1370
563,1370
564,1370
565,1371
566,1372
567,1372
568,1373
569,1376
570,1376
571,1378
572,1381
573,1381
574,1381
575,1381
576,1383
577,1383
578,1383
579,1384
580,1384
581,1384
582,1384
583,1385
584,1385
585,1386
586,1388
587,1390
588,1392
589,1394
590,1395
591,1396
592,1397
593,1397
594,1397
595,1397
596,1398
597,1398
598,1399
599,1399
600,1399
601,1400
602,1400
603,1400
604,1400
605,1400
606,1407
607,1407
608,1407
609,1407
610,1407
611,1407
612,1407
613,1409
614,1410
615,1412
616,1412
617,1412
618,1412
619,1416
620,1417
621,1417
622,1417
623,1418
624,1420
625,1420
626,1421
627,1421
628,1421
629,1421
630,1422
631,1422
632,1422
633,1422
634,1422
635,1424
636,1424
637,1428
638,1428
639,1428
640,1428
641,1428
642,1428
643,1428
644,1428
645,1428
646,1428
647,1428
648,1428
649,1428
650,1430
651,1431
652,1431
653,1431
654,1431
655,1431
656,1432
657,1433
658,1434
659,1434
660,1434
661,1436
662,1436
663,1437
664,1437
665,1437
666,1437
667,1437
668,1437
669,1437
670,1437
671,1437
672,1437
673,1437
674,1438
675,1438
676,1438
677,1438
678,1438
679,1438
680,1438
681,1438
682,1438
683,1438
684,1438
685,1438
686,1438
687,1438
688,1438
689,1438
690,1439
691,1439
692,1440
693,1440
694,1442
695,1443
696,1443
697,1443
698,1444
699,1444
700,1444
701,1444
702,1444
703,1445
704,1445
705,1446
706,1446
707,1446
708,1446
709,1446
710,1447
711,1447
712,1447
713,1447
714,1449
715,1449
716,1449
717,1449
718,1450
719,1450
720,1450
721,1451
722,1451
723,1452
724,1452
725,1452
726,1455
727,1455
728,1455
729,1455
730,1455
731,1455
732,1455
733,1455
734,1455
735,1456
736,1456
737,1457
738,1457
739,1458
740,1460
741,1460
742,1460
743,1460
744,1462
745,1463
746,1463
747,1464
748,1464
749,1464
750,1464
751,1465
752,1465
753,1466
754,1466
755,1466
756,1469
757,1470
758,1470
759,1470
760,1470
761,1470
762,1470
763,1470
764,1470
765,1470
766,1470
767,1475
768,1477
769,1480
770,1480
771,1480
772,1480
773,1480
774,1480
775,1480
776,1481
777,1481
778,1482
779,1482
780,1482
781,1482
782,1482
783,1482
784,1483
785,1483
786,1484
787,1484
788,1484
789,1484
790,1486
791,1487
792,1487
793,1487
794,1487
795,1487
796,1488
797,1489
798,1489
799,1489
800,1489
801,1489
802,1489
803,1489
804,1489
805,1490
806,1490
807,1492
808,1493
809,1493
810,1494
811,1495
812,1495
813,1495
814,1497
815,1500
816,1501
817,1502
818,1502
819,1503
820,1503
821,1503
822,1503
823,1503
824,1503
825,1504
826,1507
827,1507
828,1507
829,1507
830,1507
831,1507
832,1507
833,1507
834,1508
835,1510
836,1511
837,1512
838,1512
839,1512
840,1512
841,1512
842,1512
843,1512
844,1512
845,1512
846,1512
847,1512
848,1512
849,1512
850,1513
851,1513
852,1513
853,1514
854,1515
855,1515
856,1515
857,1517
858,1517
859,1517
860,1517
861,1517
862,1517
863,1518
864,1518
865,1519
866,1520
867,1520
868,1520
869,1520
870,1520
871,1521
872,1521
873,1521
874,1521
875,1521
876,1521
877,1522
878,1522
879,1522
880,1522
881,1522
882,1523
883,1523
884,1523
885,1523
886,1523
887,1524
888,1524
889,1524
890,1524
891,1524
892,1526
893,1527
894,1529
895,1529
896,1530
897,1530
898,1530
899,1530
900,1531
901,1531
902,1531
903,1532
904,1532
905,1532
906,1532
907,1533
908,1534
909,1534
910,1534
911,1534
912,1534
913,1534
914,1535
915,1535
916,1536
917,1536
918,1536
919,1536
920,1536
921,1536
922,1538
923,1538
924,1539
925,1539
926,1540
927,1541
928,1541
929,1547
930,1550
931,1550
932,1550
933,1552
934,1553
935,1553
936,1553
937,1553
938,1553
939,1553
940,1553
941,1553
942,1553
943,1553
944,1553
945,1553
946,1553
947,1553
948,1553
949,1555
950,1555
951,1557
952,1557
953,1557
954,1557
955,1557
956,1557
957,1557
958,1557
959,1558
960,1558
961,1558
962,1563
963,1563
964,1564
965,1564
966,1564
967,1564
968,1564
969,1564
970,1564
971,1564
972,1566
973,1569
974,1569
975,1569
976,1569
977,1570
978,1574
979,1575
980,1575
981,1575
982,1575
983,1575
984,1575
985,1575
986,1575
987,1575
988,1575
989,1575
990,1575
991,1576
992,1577
993,1578
994,1578
995,1578
996,1578
997,1578
998,1578
999,1578
1000,1578
1000,1578
1001,1578
1002,1578
1003,1578
1004,1578
1005,1578
1006,1578
1007,1578
1008,1578
1009,1578
1010,1578
1011,1578
1012,1580
1013,1580
1014,1580
1015,1580
1016,1580
1017,1580
1018,1580
1019,1580
1020,1580
1021,1580
1022,1580
1023,1580
1024,1580
1025,1581
1026,1581
1027,1581
1028,1582
1029,1583
1030,1584
1031,1584
1032,1584
1033,1584
1034,1584
1035,1584
1036,1584
1037,1584
1038,1584
1039,1584
1040,1587
1041,1589
1042,1589
1043,1589
1044,1589
1045,1591
1046,1591
1047,1591
1048,1591
1049,1591
1050,1591
1051,1595
1052,1597
1053,1597
1054,1598
1055,1598
1056,1600
1057,1600
1058,1600
1059,1600
1060,1601
1061,1602
1062,1602
1063,1602
1064,1602
1065,1602
1066,1602
1067,1602
1068,1602
1069,1603
1070,1603
1071,1608
1072,1608
1073,1608
1074,1609
1075,1609
1076,1609
1077,1610
1078,1613
1079,1613
1080,1614
1081,1614
1082,1614
1083,1614
1084,1614
1085,1614
1086,1615
1087,1615
1088,1615
1089,1615
1090,1615
1091,1615
1092,1615
1093,1615
1094,1615
1095,1615
1096,1615
1097,1615
1098,1615
1099,1615
1100,1616
1101,1616
1102,1616
1103,1616
1104,1616
1105,1616
1106,1617
1107,1617
1108,1617
1109,1617
1110,1617
1111,1617
1112,1619
1113,1619
1114,1619
1115,1619
1116,1619
1117,1619
1118,1619
1119,1619
1120,1619
1121,1620
1122,1620
1123,1621
1124,1623
1125,1624
1126,1625
1127,1625
1128,1625
1129,1625
1130,1625
1131,1625
1132,1625
1133,1626
1134,1626
1135,1626
1136,1626
1137,1626
1138,1626
1139,1626
1140,1626
1141,1626
1142,1626
1143,1626
1144,1626
1145,1626
1146,1627
1147,1627
1148,1627
1149,1627
1150,1627
1151,1627
1152,1627
1153,1628
1154,1628
1155,1628
1156,1628
1157,1628
1158,1628
1159,1629
1160,1629
1161,1629
1162,1629
1163,1629
1164,1629
1165,1629
1166,1629
1167,1629
1168,1629
1169,1629
1170,1629
1171,1630
1172,1630
1173,1631
1174,1631
1175,1631
1176,1632
1177,1632
1178,1632
1179,1632
1180,1632
1181,1632
1182,1632
1183,1632
1184,1632
1185,1632
1186,1633
1187,1633
1188,1633
1189,1633
1190,1633
1191,1633
1192,1633
1193,1633
1194,1633
1195,1635
1196,1635
1197,1636
1198,1637
1199,1637
1200,1637
1201,1637
1202,1637
1203,1637
1204,1637
1205,1637
1206,1637
1207,1637
1208,1637
1209,1637
1210,1637
1211,1637
1212,1637
1213,1637
1214,1637
1215,1637
1216,1637
1217,1637
1218,1637
1219,1637
1220,1637
1221,1637
1222,1638
1223,1638
1224,1638
1225,1638
1226,1638
1227,1638
1228,1639
1229,1639
1230,1639
1231,1639
1232,1642
1233,1643
1234,1644
1235,1644
1236,1644
1237,1646
1238,1646
1239,1646
1240,1646
1241,1646
1242,1646
1243,1646
1244,1646
1245,1647
1246,1647
1247,1647
1248,1648
1249,1649
1250,1649
1251,1649
1252,1649
1253,1649
1254,1649
1255,1649
1256,1649
1257,1649
1258,1649
1259,1649
1260,1649
1261,1651
1262,1653
1263,1653
1264,1653
1265,1653
1266,1654
1267,1655
1268,1655
1269,1655
1270,1655
1271,1657
1272,1657
1273,1657
1274,1658
1275,1659
1276,1659
1277,1659
1278,1659
1279,1659
1280,1659
1281,1659
1282,1659
1283,1659
1284,1659
1285,1659
1286,1659
1287,1659
1288,1659
1289,1659
1290,1660
1291,1661
1292,1661
1293,1661
1294,1662
1295,1662
1296,1663
1297,1663
1298,1663
1299,1663
1300,1664
1301,1664
1302,1664
1303,1664
1304,1664
1305,1664
1306,1664
1307,1665
1308,1665
1309,1665
1310,1665
1311,1665
1312,1665
1313,1665
1314,1665
1315,1665
1316,1665
1317,1665
1318,1667
1319,1668
1320,1668
1321,1668
1322,1668
1323,1668
1324,1669
1325,1669
1326,1669
1327,1669
1328,1669
1329,1669
1330,1669
1331,1669
1332,1669
1333,1669
1334,1669
1335,1670
1336,1670
1337,1670
1338,1672
1339,1673
1340,1673
1341,1673
1342,1675
1343,1675
1344,1676
1345,1676
1346,1677
1347,1678
1348,1678
1349,1678
1350,1678
1351,1678
1352,1678
1353,1678
1354,1678
1355,1678
1356,1679
1357,1679
1358,1679
1359,1679
1360,1679
1361,1679
1362,1681
1363,1681
1364,1681
1365,1681
1366,1682
1367,1682
1368,1682
1369,1682
1370,1682
1371,1682
1372,1683
1373,1683
1374,1683
1375,1683
1376,1683
1377,1683
1378,1683
1379,1683
1380,1683
1381,1683
1382,1683
1383,1683
1384,1683
1385,1683
1386,1683
1387,1683
1388,1683
1389,1683
1390,1683
1391,1683
1392,1685
1393,1685
1394,1685
1395,1685
1396,1685
1397,1685
1398,1686
1399,1686
1400,1686
1401,1686
1402,1686
1403,1686
1404,1686
1405,1686
1406,1686
1407,1686
1408,1686
1409,1686
1410,1686
1411,1686
1412,1686
1413,1686
1414,1687
1415,1687
1416,1687
1417,1687
1418,1687
1419,1687
1420,1687
1421,1688
1422,1688
1423,1688
1424,1689
1425,1689
1426,1689
1427,1689
1428,1689
1429,1689
1430,1689
1431,1689
1432,1689
1433,1689
1434,1689
1435,1689
1436,1689
1437,1689
1438,1689
1439,1689
1440,1689
1441,1689
1442,1689
1443,1689
1444,1689
1445,1690
1446,1690
1447,1690
1448,1690
1449,1690
1450,1690
1451,1690
1452,1690
1453,1690
1454,1690
1455,1690
1456,1690
1457,1690
1458,1690
1459,1690
1460,1690
1461,1690
1462,1690
1463,1691
1464,1691
1465,1691
1466,1691
1467,1691
1468,1691
1469,1691
1470,1691
1471,1691
1472,1691
1473,1692
1474,1692
1475,1693
1476,1693
1477,1693
1478,1693
1479,1693
1480,1693
1481,1693
1482,1693
1483,1693
1484,1693
1485,1693
1486,1693
1487,1693
1488,1693
1489,1693
1490,1694
1491,1694
1492,1694
1493,1694
1494,1694
1495,1694
1496,1694
1497,1694
1498,1694
1499,1695
1500,1695
1501,1695
1502,1695
1503,1695
1504,1695
1505,1695
1506,1695
1507,1695
1508,1695
1509,1695
1510,1699
1511,1700
1512,1700
1513,1700
1514,1700
1515,1700
1516,1700
1517,1700
1518,1700
1519,1701
1520,1701
1521,1701
1522,1701
1523,1701
1524,1701
1525,1702
1526,1702
1527,1702
1528,1702
1529,1702
1530,1702
1531,1702
1532,1702
1533,1702
1534,1702
1535,1702
1536,1702
1537,1702
1538,1702
1539,1702
1540,1702
1541,1702
1542,1702
1543,1702
1544,1702
1545,1702
1546,1703
1547,1703
1548,1703
1549,1703
1550,1703
1551,1703
1552,1703
1553,1703
1554,1703
1555,1703
1556,1703
1557,1703
1558,1703
1559,1703
1560,1703
1561,1703
1562,1703
1563,1703
1564,1703
1565,1703
1566,1703
1567,1703
1568,1703
1569,1703
1570,1703
1571,1704
1572,1704
1573,1704
1574,1704
1575,1705
1576,1706
1577,1706
1578,1706
1579,1706
1580,1706
1581,1707
1582,1708
1583,1708
1584,1709
1585,1709
1586,1709
1587,1709
1588,1709
1589,1709
1590,1709
1591,1709
1592,1710
1593,1710
1594,1710
1595,1710
1596,1710
1597,1710
1598,1711
1599,1711
1600,1711
1601,1711
1602,1711
1603,1711
1604,1711
1605,1711
1606,1711
1607,1711
1608,1711
1609,1711
1610,1711
1611,1711
1612,1711
1613,1711
1614,1712
1615,1712
1616,1712
1617,1712
1618,1712
1619,1712
1620,1712
1621,1712
1622,1712
1623,1712
1624,1712
1625,1712
1626,1712
1627,1712
1628,1712
1629,1712
1630,1712
1631,1712
1632,1712
1633,1712
1634,1712
1635,1712
1636,1713
1637,1713
1638,1713
1639,1714
1640,1715
1641,1715
1642,1715
1643,1715
1644,1715
1645,1715
1646,1715
1647,1715
1648,1715
1649,1715
1650,1715
1651,1715
1652,1715
1653,1715
1654,1715
1655,1715
1656,1715
1657,1715
1658,1715
1659,1715
1660,1715
1661,1715
1662,1715
1663,1715
1664,1715
1665,1715
1666,1715
1667,1715
1668,1715
1669,1715
1670,1715
1671,1715
1672,1715
1673,1715
1674,1715
1675,1715
1676,1715
1677,1715
1678,1715
1679,1715
1680,1715
1681,1716
1682,1716
1683,1716
1684,1716
1685,1716
1686,1716
1687,1716
1688,1716
1689,1716
1690,1716
1691,1716
1692,1716
1693,1716
1694,1716
1695,1716
1696,1716
1697,1716
1698,1716
1699,1716
1700,1716
1701,1716
1702,1716
1703,1716
1704,1717
1705,1717
1706,1717
1707,1717
1708,1717
1709,1717
1710,1717
1711,1717
1712,1717
1713,1717
1714,1717
1715,1717
1716,1717
1717,1717
1718,1717
1719,1717
1720,1717
1721,1717
1722,1717
1723,1717
1724,1717
1725,1717
1726,1717
1727,1717
1728,1717
1729,1717
1730,1717
1731,1717
1732,1717
1733,1717
1734,1717
1735,1717
1736,1717
1737,1717
1738,1717
1739,1717
1740,1718
1741,1718
1742,1718
1743,1719
1744,1719
1745,1719
1746,1719
1747,1719
1748,1719
1749,1719
1750,1719
1751,1719
1752,1719
1753,1719
1754,1719
1755,1719
1756,1719
1757,1719
1758,1719
1759,1719
1760,1719
1761,1719
1762,1719
1763,1719
1764,1719
1765,1719
1766,1719
1767,1719
1768,1719
1769,1719
1770,1719
1771,1719
1772,1719
1773,1719
1774,1719
1775,1719
1776,1719
1777,1719
1778,1719
1779,1719
1780,1719
1781,1719
1782,1719
1783,1719
1784,1720
1785,1720
1786,1720
1787,1720
1788,1720
1789,1722
1790,1723
1791,1723
1792,1723
1793,1723
1794,1723
1795,1723
1796,1723
1797,1723
1798,1725
1799,1725
1800,1725
1801,1725
1802,1725
1803,1725
1804,1725
1805,1725
1806,1725
1807,1725
1808,1725
1809,1725
1810,1725
1811,1725
1812,1725
1813,1725
1814,1725
1815,1725
1816,1725
1817,1725
1818,1725
1819,1725
1820,1725
1821,1726
1822,1727
1823,1727
1824,1727
1825,1727
1826,1727
1827,1727
1828,1727
1829,1727
1830,1727
1831,1727
1832,1727
1833,1727
1834,1727
1835,1727
1836,1727
1837,1727
1838,1727
1839,1727
1840,1727
1841,1727
1842,1727
1843,1727
1844,1727
1845,1728
1846,1728
1847,1728
1848,1728
1849,1728
1850,1728
1851,1728
1852,1728
1853,1728
1854,1728
1855,1728
1856,1728
1857,1728
1858,1729
1859,1729
1860,1729
1861,1729
1862,1729
1863,1729
1864,1729
1865,1729
1866,1729
1867,1729
1868,1729
1869,1730
1870,1730
1871,1730
1872,1730
1873,1730
1874,1730
1875,1730
1876,1730
1877,1731
1878,1732
1879,1732
1880,1732
1881,1732
1882,1732
1883,1732
1884,1732
1885,1732
1886,1733
1887,1733
1888,1733
1889,1733
1890,1734
1891,1735
1892,1735
1893,1735
1894,1735
1895,1735
1896,1735
1897,1735
1898,1735
1899,1735
1900,1735
1901,1735
1902,1735
1903,1735
1904,1735
1905,1735
1906,1735
1907,1735
1908,1735
1909,1735
1910,1735
1911,1735
1912,1735
1913,1735
1914,1735
1915,1735
1916,1735
1917,1735
1918,1735
1919,1735
1920,1735
1921,1735
1922,1735
1923,1737
1924,1737
1925,1737
1926,1737
1927,1737
1928,1737
1929,1737
1930,1737
1931,1737
1932,1737
1933,1737
1934,1737
1935,1737
1936,1737
1937,1737
1938,1737
1939,1737
1940,1737
1941,1737
1942,1737
1943,1737
1944,1738
1945,1738
1946,1738
1947,1738
1948,1738
1949,1738
1950,1738
1951,1738
1952,1738
1953,1738
1954,1738
1955,1738
1956,1738
1957,1738
1958,1738
1959,1738
1960,1739
1961,1739
1962,1739
1963,1739
1964,1739
1965,1739
1966,1739
1967,1739
1968,1739
1969,1739
1970,1739
1971,1740
1972,1740
1973,1740
1974,1740
1975,1740
1976,1740
1977,1740
1978,1740
1979,1740
1980,1740
1981,1740
1982,1740
1983,1740
1984,1740
1985,1740
1986,1740
1987,1740
1988,1740
1989,1740
1990,1740
1991,1740
1992,1740
1993,1740
1994,1740
1995,1740
1996,1740
1997,1740
1998,1740
1999,1740
2000,1740
2000,1740
2001,1740
2002,1740
2003,1740
2004,1740
2005,1740
2006,1740
2007,1740
2008,1740
2009,1740
2010,1740
2011,1740
2012,1740
2013,1741
2014,1741
2015,1741
2016,1741
2017,1741
2018,1741
2019,1741
2020,1742
2021,1742
2022,1742
2023,1742
2024,1742
2025,1742
2026,1742
2027,1742
2028,1742
2029,1742
2030,1742
2031,1742
2032,1742
2033,1744
2034,1744
2035,1744
2036,1744
2037,1744
2038,1744
2039,1744
2040,1744
2041,1745
2042,1745
2043,1745
2044,1745
2045,1745
2046,1745
2047,1745
2048,1746
2049,1746
2050,1746
2051,1749
2052,1749
2053,1749
2054,1749
2055,1749
2056,1749
2057,1750
2058,1750
2059,1750
2060,1750
2061,1750
2062,1750
2063,1751
2064,1751
2065,1751
2066,1751
2067,1751
2068,1751
2069,1751
2070,1751
2071,1751
2072,1751
2073,1751
2074,1751
2075,1751
2076,1751
2077,1751
2078,1751
2079,1751
2080,1751
2081,1751
2082,1751
2083,1751
2084,1751
2085,1751
2086,1751
2087,1751
2088,1751
2089,1751
2090,1751
2091,1751
2092,1751
2093,1751
2094,1751
2095,1751
2096,1751
2097,1751
2098,1751
2099,1751
2100,1751
2101,1751
2102,1751
2103,1751
2104,1751
2105,1751
2106,1751
2107,1751
2108,1751
2109,1751
2110,1752
2111,1753
2112,1753
2113,1753
2114,1753
2115,1753
2116,1753
2117,1753
2118,1753
2119,1754
2120,1754
2121,1754
2122,1754
2123,1754
2124,1754
2125,1754
2126,1754
2127,1754
2128,1754
2129,1754
2130,1754
2131,1754
2132,1754
2133,1754
2134,1754
2135,1754
2136,1754
2137,1754
2138,1754
2139,1754
2140,1754
2141,1754
2142,1754
2143,1754
2144,1754
2145,1754
2146,1754
2147,1754
2148,1754
2149,1754
2150,1755
2151,1755
2152,1755
2153,1755
2154,1755
2155,1755
2156,1755
2157,1755
2158,1755
2159,1755
2160,1755
2161,1755
2162,1755
2163,1755
2164,1755
2165,1755
2166,1755
2167,1755
2168,1756
2169,1756
2170,1757
2171,1757
2172,1757
2173,1757
2174,1757
2175,1757
2176,1757
2177,1757
2178,1757
2179,1758
2180,1758
2181,1758
2182,1758
2183,1758
2184,1758
2185,1758
2186,1759
2187,1759
2188,1759
2189,1759
2190,1759
2191,1759
2192,1759
2193,1759
2194,1759
2195,1759
2196,1759
2197,1759
2198,1759
2199,1759
2200,1759
2201,1759
2202,1759
2203,1759
2204,1759
2205,1759
2206,1759
2207,1759
2208,1759
2209,1759
2210,1759
2211,1759
2212,1759
2213,1759
2214,1759
2215,1759
2216,1759
2217,1759
2218,1759
2219,1759
2220,1759
2221,1759
2222,1759
2223,1759
2224,1759
2225,1759
2226,1759
2227,1759
2228,1759
2229,1759
2230,1759
2231,1760
2232,1760
2233,1760
2234,1760
2235,1760
2236,1760
2237,1760
2238,1760
2239,1760
2240,1760
2241,1760
2242,1760
2243,1760
2244,1760
2245,1760
2246,1760
2247,1760
2248,1761
2249,1761
2250,1761
2251,1761
2252,1761
2253,1761
2254,1761
2255,1761
2256,1761
2257,1761
2258,1761
2259,1761
2260,1761
2261,1761
2262,1761
2263,1761
2264,1761
2265,1761
2266,1761
2267,1761
2268,1761
2269,1761
2270,1761
2271,1761
2272,1761
2273,1761
2274,1761
2275,1761
2276,1761
2277,1761
2278,1761
2279,1762
2280,1762
2281,1762
2282,1762
2283,1762
2284,1762
2285,1762
2286,1762
2287,1762
2288,1762
2289,1762
2290,1762
2291,1762
2292,1762
2293,1762
2294,1762
2295,1762
2296,1762
2297,1762
2298,1762
2299,1762
2300,1762
2301,1762
2302,1762
2303,1762
2304,1762
2305,1762
2306,1762
2307,1762
2308,1762
2309,1762
2310,1762
2311,1762
2312,1762
2313,1762
2314,1762
2315,1762
2316,1762
2317,1762
2318,1762
2319,1762
2320,1762
2321,1762
2322,1762
2323,1762
2324,1763
2325,1763
2326,1763
2327,1763
2328,1763
2329,1763
2330,1763
2331,1763
2332,1763
2333,1763
2334,1763
2335,1763
2336,1763
2337,1763
2338,1763
2339,1764
2340,1764
2341,1764
2342,1764
2343,1764
2344,1764
2345,1764
2346,1764
2347,1764
2348,1764
2349,1764
2350,1764
2351,1764
2352,1764
2353,1764
2354,1764
2355,1764
2356,1764
2357,1764
2358,1764
2359,1764
2360,1764
2361,1764
2362,1764
2363,1764
2364,1764
2365,1764
2366,1764
2367,1764
2368,1764
2369,1764
2370,1764
2371,1764
2372,1764
2373,1764
2374,1764
2375,1764
2376,1764
2377,1764
2378,1764
2379,1764
2380,1764
2381,1764
2382,1765
2383,1765
2384,1765
2385,1765
2386,1765
2387,1765
2388,1765
2389,1765
2390,1767
2391,1767
2392,1767
2393,1767
2394,1767
2395,1768
2396,1769
2397,1769
2398,1770
2399,1770
2400,1771
2401,1771
2402,1771
2403,1771
2404,1771
2405,1771
2406,1771
2407,1771
2408,1771
2409,1771
2410,1771
2411,1771
2412,1771
2413,1771
2414,1771
2415,1771
2416,1771
2417,1772
2418,1772
2419,1772
2420,1772
2421,1772
2422,1772
2423,1772
2424,1772
2425,1772
2426,1772
2427,1772
2428,1772
2429,1772
2430,1772
2431,1773
2432,1773
2433,1773
2434,1773
2435,1774
2436,1774
2437,1774
2438,1774
2439,1774
2440,1774
2441,1774
2442,1774
2443,1774
2444,1774
2445,1774
2446,1774
2447,1774
2448,1774
2449,1774
2450,1774
2451,1774
2452,1774
2453,1774
2454,1774
2455,1774
2456,1774
2457,1774
2458,1774
2459,1774
2460,1774
2461,1774
2462,1774
2463,1774
2464,1774
2465,1774
2466,1774
2467,1774
2468,1774
2469,1775
2470,1775
2471,1775
2472,1775
2473,1775
2474,1775
2475,1775
2476,1775
2477,1775
2478,1775
2479,1775
2480,1775
2481,1775
2482,1775
2483,1775
2484,1775
2485,1776
2486,1776
2487,1776
2488,1776
2489,1776
2490,1776
2491,1776
2492,1776
2493,1776
2494,1776
2495,1776
2496,1776
2497,1776
2498,1776
2499,1777
2500,1777
2501,1777
2502,1777
2503,1777
2504,1777
2505,1777
2506,1777
2507,1777
2508,1777
2509,1777
2510,1777
2511,1777
2512,1777
2513,1777
2514,1777
2515,1777
2516,1777
2517,1777
2518,1777
2519,1777
2520,1777
2521,1777
2522,1777
2523,1777
2524,1777
2525,1777
2526,1777
2527,1777
2528,1777
2529,1777
2530,1777
2531,1777
2532,1777
2533,1777
2534,1777
2535,1777
2536,1777
2537,1777
2538,1777
2539,1777
2540,1777
2541,1777
2542,1777
2543,1777
2544,1777
2545,1777
2546,1777
2547,1777
2548,1778
2549,1778
2550,1778
2551,1778
2552,1778
2553,1778
2554,1778
2555,1778
2556,1779
2557,1779
2558,1779
2559,1779
2560,1779
2561,1779
2562,1779
2563,1779
2564,1779
2565,1779
2566,1779
2567,1779
2568,1779
2569,1779
2570,1779
2571,1779
2572,1779
2573,1779
2574,1779
2575,1779
2576,1779
2577,1779
2578,1779
2579,1779
2580,1779
2581,1779
2582,1779
2583,1779
2584,1779
2585,1779
2586,1779
2587,1779
2588,1779
2589,1779
2590,1780
2591,1780
2592,1780
2593,1780
2594,1780
2595,1780
2596,1780
2597,1780
2598,1780
2599,1780
2600,1780
2601,1780
2602,1780
2603,1780
2604,1780
2605,1780
2606,1780
2607,1781
2608,1781
2609,1781
2610,1781
2611,1781
2612,1781
2613,1781
2614,1781
2615,1781
2616,1781
2617,1781
2618,1781
2619,1781
2620,1781
2621,1781
2622,1781
2623,1781
2624,1781
2625,1781
2626,1782
2627,1782
2628,1782
2629,1782
2630,1782
2631,1782
2632,1782
2633,1782
2634,1782
2635,1782
2636,1782
2637,1782
2638,1782
2639,1782
2640,1782
2641,1782
2642,1782
2643,1782
2644,1782
2645,1782
2646,1782
2647,1782
2648,1782
2649,1782
2650,1782
2651,1782
2652,1782
2653,1782
2654,1782
2655,1782
2656,1782
2657,1782
2658,1782
2659,1782
2660,1782
2661,1782
2662,1782
2663,1782
2664,1782
2665,1782
2666,1782
2667,1782
2668,1782
2669,1782
2670,1782
2671,1782
2672,1782
2673,1782
2674,1782
2675,1782
2676,1782
2677,1782
2678,1782
2679,1782
2680,1782
2681,1782
2682,1782
2683,1782
2684,1782
2685,1782
2686,1782
2687,1782
2688,1782
2689,1782
2690,1782
2691,1782
2692,1782
2693,1782
2694,1782
2695,1782
2696,1782
2697,1782
2698,1782
2699,1782
2700,1782
2701,1782
2702,1782
2703,1782
2704,1782
2705,1782
2706,1782
2707,1782
2708,1782
2709,1782
2710,1782
2711,1782
2712,1782
2713,1782
2714,1782
2715,1782
2716,1782
2717,1782
2718,1782
2719,1782
2720,1782
2721,1782
2722,1782
2723,1782
2724,1782
2725,1782
2726,1782
2727,1782
2728,1782
2729,1782
2730,1782
2731,1782
2732,1782
2733,1782
2734,1782
2735,1782
2736,1782
2737,1782
2738,1782
2739,1782
2740,1782
2741,1782
2742,1782
2743,1782
2744,1782
2745,1782
2746,1783
2747,1783
2748,1783
2749,1783
2750,1783
2751,1783
2752,1783
2753,1783
2754,1783
2755,1784
2756,1784
2757,1784
2758,1784
2759,1784
2760,1784
2761,1784
2762,1784
2763,1784
2764,1784
2765,1784
2766,1784
2767,1784
2768,1784
2769,1784
2770,1784
2771,1784
2772,1784
2773,1784
2774,1784
2775,1784
2776,1784
2777,1784
2778,1784
2779,1784
2780,1784
2781,1784
2782,1784
2783,1784
2784,1784
2785,1784
2786,1784
2787,1784
2788,1784
2789,1784
2790,1784
2791,1784
2792,1784
2793,1784
2794,1784
2795,1784
2796,1784
2797,1784
2798,1784
2799,1784
2800,1784
2801,1784
2802,1784
2803,1784
2804,1785
2805,1785
2806,1785
2807,1785
2808,1785
2809,1785
2810,1785
2811,1785
2812,1785
2813,1785
2814,1785
2815,1785
2816,1785
2817,1785
2818,1785
2819,1785
2820,1785
2821,1785
2822,1785
2823,1785
2824,1785
2825,1785
2826,1785
2827,1785
2828,1785
2829,1785
2830,1785
2831,1785
2832,1785
2833,1785
2834,1785
2835,1785
2836,1785
2837,1785
2838,1785
2839,1785
2840,1785
2841,1785
2842,1785
2843,1785
2844,1785
2845,1785
2846,1785
2847,1785
2848,1785
2849,1786
2850,1786
2851,1786
2852,1786
2853,1786
2854,1786
2855,1786
2856,1786
2857,1786
2858,1786
2859,1786
2860,1786
2861,1786
2862,1786
2863,1786
2864,1786
2865,1786
2866,1786
2867,1786
2868,1786
2869,1786
2870,1786
2871,1786
2872,1786
2873,1786
2874,1786
2875,1786
2876,1786
2877,1786
2878,1786
2879,1786
2880,1786
2881,1786
2882,1786
2883,1786
2884,1786
2885,1786
2886,1786
2887,1786
2888,1786
2889,1786
2890,1786
2891,1786
2892,1786
2893,1786
2894,1786
2895,1786
2896,1786
2897,1786
2898,1786
2899,1786
2900,1786
2901,1786
2902,1786
2903,1786
2904,1786
2905,1786
2906,1786
2907,1786
2908,1786
2909,1786
2910,1786
2911,1786
2912,1786
2913,1786
2914,1786
2915,1786
2916,1786
2917,1786
2918,1786
2919,1786
2920,1786
2921,1786
2922,1786
2923,1786
2924,1786
2925,1786
2926,1786
2927,1786
2928,1787
2929,1787
2930,1787
2931,1787
2932,1787
2933,1787
2934,1787
2935,1787
2936,1787
2937,1787
2938,1787
2939,1787
2940,1787
2941,1787
2942,1787
2943,1787
2944,1787
2945,1787
2946,1787
2947,1787
2948,1787
2949,1787
2950,1787
2951,1787
2952,1787
2953,1787
2954,1787
2955,1787
2956,1787
2957,1787
2958,1787
2959,1787
2960,1787
2961,1787
2962,1787
2963,1787
2964,1787
2965,1787
2966,1787
2967,1787
2968,1787
2969,1787
2970,1787
2971,1787
2972,1787
2973,1787
2974,1787
2975,1787
2976,1787
2977,1787
2978,1787
2979,1787
2980,1787
2981,1787
2982,1787
2983,1787
2984,1787
2985,1787
2986,1788
2987,1788
2988,1788
2989,1788
2990,1788
2991,1788
2992,1788
2993,1788
2994,1788
2995,1788
2996,1788
2997,1788
2998,1788
2999,1788
3000,1788
3000,1788
3001,1788
3002,1788
3003,1788
3004,1788
3005,1788
3006,1788
3007,1788
3008,1788
3009,1788
3010,1788
3011,1788
3012,1788
3013,1788
3014,1788
3015,1788
3016,1788
3017,1788
3018,1788
3019,1788
3020,1788
3021,1788
3022,1788
3023,1788
3024,1788
3025,1788
3026,1788
3027,1788
3028,1788
3029,1788
3030,1788
3031,1788
3032,1788
3033,1788
3034,1788
3035,1788
3036,1788
3037,1788
3038,1788
3039,1788
3040,1788
3041,1788
3042,1788
3043,1788
3044,1788
3045,1788
3046,1788
3047,1788
3048,1788
3049,1788
3050,1788
3051,1788
3052,1788
3053,1788
3054,1788
3055,1788
3056,1788
3057,1788
3058,1788
3059,1788
3060,1788
3061,1788
3062,1788
3063,1788
3064,1788
3065,1788
3066,1788
3067,1788
3068,1788
3069,1789
3070,1789
3071,1789
3072,1789
3073,1789
3074,1789
3075,1789
3076,1789
3077,1789
3078,1789
3079,1789
3080,1789
3081,1789
3082,1789
3083,1789
3084,1789
3085,1789
3086,1789
3087,1789
3088,1789
3089,1789
3090,1789
3091,1790
3092,1790
3093,1790
3094,1790
3095,1790
3096,1790
3097,1791
3098,1791
3099,1791
3100,1791
3101,1791
3102,1791
3103,1791
3104,1791
3105,1791
3106,1791
3107,1791
3108,1791
3109,1791
3110,1791
3111,1791
3112,1791
3113,1791
3114,1791
3115,1791
3116,1791
3117,1791
3118,1791
3119,1791
3120,1791
3121,1791
3122,1791
3123,1791
3124,1791
3125,1791
3126,1791
3127,1791
3128,1791
3129,1791
3130,1791
3131,1791
3132,1791
3133,1791
3134,1791
3135,1791
3136,1791
3137,1792
3138,1792
3139,1792
3140,1792
3141,1792
3142,1792
3143,1792
3144,1792
3145,1792
3146,1792
3147,1792
3148,1792
3149,1792
3150,1792
3151,1792
3152,1792
3153,1793
3154,1793
3155,1793
3156,1793
3157,1793
3158,1793
3159,1793
3160,1793
3161,1793
3162,1793
3163,1793
3164,1793
3165,1793
3166,1793
3167,1793
3168,1793
3169,1793
3170,1793
3171,1793
3172,1793
3173,1793
3174,1793
3175,1793
3176,1793
3177,1793
3178,1793
3179,1793
3180,1793
3181,1793
3182,1793
3183,1793
3184,1793
3185,1793
3186,1793
3187,1793
3188,1793
3189,1793
3190,1793
3191,1793
3192,1793
3193,1793
3194,1793
3195,1793
3196,1793
3197,1794
3198,1794
3199,1794
3200,1794
3201,1794
3202,1794
3203,1794
3204,1794
3205,1794
3206,1794
3207,1794
3208,1794
3209,1794
3210,1794
3211,1794
3212,1794
3213,1794
3214,1794
3215,1794
3216,1794
3217,1794
3218,1794
3219,1794
3220,1794
3221,1794
3222,1794
3223,1794
3224,1794
3225,1794
3226,1794
3227,1794
3228,1794
3229,1794
3230,1794
3231,1794
3232,1794
3233,1794
3234,1794
3235,1794
3236,1794
3237,1794
3238,1794
3239,1794
3240,1794
3241,1794
3242,1794
3243,1794
3244,1794
3245,1794
3246,1794
3247,1794
3248,1794
3249,1794
3250,1794
3251,1794
3252,1794
3253,1794
3254,1794
3255,1794
3256,1794
3257,1794
3258,1794
3259,1794
3260,1794
3261,1794
3262,1794
3263,1794
3264,1794
3265,1794
3266,1795
3267,1795
3268,1795
3269,1795
3270,1795
3271,1795
3272,1795
3273,1795
3274,1795
3275,1795
3276,1795
3277,1795
3278,1795
3279,1795
3280,1795
3281,1795
3282,1795
3283,1795
3284,1795
3285,1795
3286,1795
3287,1795
3288,1795
3289,1795
3290,1795
3291,1795
3292,1795
3293,1795
3294,1795
3295,1795
3296,1795
3297,1795
3298,1795
3299,1795
3300,1795
3301,1795
3302,1795
3303,1795
3304,1795
3305,1795
3306,1795
3307,1795
3308,1795
3309,1795
3310,1795
3311,1795
3312,1795
3313,1795
3314,1795
3315,1795
3316,1795
3317,1795
3318,1795
3319,1795
3320,1795
3321,1795
3322,1795
3323,1795
3324,1795
3325,1795
3326,1795
3327,1795
3328,1795
3329,1795
3330,1795
3331,1795
3332,1795
3333,1795
3334,1795
3335,1795
3336,1795
3337,1795
3338,1795
3339,1795
3340,1795
3341,1795
3342,1795
3343,1795
3344,1795
3345,1795
3346,1795
3347,1795
3348,1795
3349,1795
3350,1795
3351,1795
3352,1795
3353,1795
3354,1795
3355,1795
3356,1795
3357,1795
3358,1795
3359,1795
3360,1795
3361,1795
3362,1795
3363,1795
3364,1795
3365,1795
3366,1795
3367,1795
3368,1795
3369,1795
3370,1795
3371,1795
3372,1795
3373,1796
3374,1796
3375,1796
3376,1796
3377,1796
3378,1796
3379,1796
3380,1796
3381,1796
3382,1796
3383,1796
3384,1796
3385,1796
3386,1796
3387,1796
3388,1796
3389,1796
3390,1796
3391,1796
3392,1796
3393,1796
3394,1796
3395,1796
3396,1796
3397,1796
3398,1796
3399,1796
3400,1796
3401,1796
3402,1796
3403,1796
3404,1796
3405,1796
3406,1796
3407,1796
3408,1796
3409,1796
3410,1797
3411,1797
3412,1797
3413,1797
3414,1797
3415,1797
3416,1797
3417,1797
3418,1797
3419,1797
3420,1797
3421,1797
3422,1797
3423,1797
3424,1797
3425,1797
3426,1797
3427,1797
3428,1797
3429,1797
3430,1797
3431,1797
3432,1797
3433,1797
3434,1797
3435,1797
3436,1797
3437,1797
3438,1797
3439,1797
3440,1797
3441,1797
3442,1797
3443,1797
3444,1797
3445,1797
3446,1797
3447,1797
3448,1797
3449,1797
3450,1797
3451,1797
3452,1797
3453,1797
3454,1797
3455,1797
3456,1797
3457,1797
3458,1797
3459,1797
3460,1797
3461,1797
3462,1797
3463,1797
3464,1797
3465,1797
3466,1797
3467,1797
3468,1797
3469,1797
3470,1797
3471,1797
3472,1797
3473,1797
3474,1797
3475,1797
3476,1797
3477,1797
3478,1797
3479,1797
3480,1797
3481,1797
3482,1797
3483,1797
3484,1797
3485,1797
3486,1797
3487,1797
3488,1797
3489,1797
3490,1797
3491,1797
3492,1797
3493,1797
3494,1797
3495,1797
3496,1797
3497,1797
3498,1797
3499,1797
3500,1797
3501,1797
3502,1797
3503,1797
3504,1797
3505,1797
3506,1797
3507,1797
3508,1797
3509,1797
3510,1797
3511,1797
3512,1797
3513,1797
3514,1797
3515,1797
3516,1797
3517,1797
3518,1797
3519,1797
3520,1797
3521,1797
3522,1797
3523,1797
3524,1797
3525,1797
3526,1797
3527,1797
3528,1797
3529,1797
3530,1797
3531,1797
3532,1797
3533,1797
3534,1797
3535,1797
3536,1797
3537,1797
3538,1797
3539,1797
3540,1797
3541,1797
3542,1797
3543,1797
3544,1797
3545,1797
3546,1797
3547,1797
3548,1797
3549,1797
3550,1797
3551,1797
3552,1797
3553,1797
3554,1797
3555,1797
3556,1797
3557,1797
3558,1797
3559,1797
3560,1797
3561,1797
3562,1797
3563,1797
3564,1797
3565,1797
3566,1797
3567,1797
3568,1797
3569,1797
3570,1797
3571,1797
3572,1797
3573,1797
3574,1797
3575,1797
3576,1797
3577,1797
3578,1797
3579,1797
3580,1797
3581,1797
3582,1797
3583,1797
3584,1797
3585,1797
3586,1797
3587,1797
3588,1797
3589,1798
3590,1798
3591,1799
3592,1799
3593,1799
3594,1799
3595,1799
3596,1799
3597,1799
3598,1799
3599,1799
3600,1799
3601,1799
3602,1799
3603,1799
3604,1799
3605,1799
3606,1799
3607,1799
3608,1799
3609,1799
3610,1799
3611,1799
3612,1799
3613,1799
3614,1799
3615,1799
3616,1799
3617,1799
3618,1799
3619,1799
3620,1799
3621,1799
3622,1799
3623,1799
3624,1799
3625,1799
3626,1799
3627,1799
3628,1799
3629,1799
3630,1799
3631,1799
3632,1799
3633,1799
3634,1799
3635,1799
3636,1799
3637,1799
3638,1799
3639,1799
3640,1799
3641,1799
3642,1799
3643,1799
3644,1799
3645,1799
3646,1799
3647,1799
3648,1799
3649,1801
3650,1801
3651,1801
3652,1802
3653,1802
3654,1802
3655,1802
3656,1802
3657,1802
3658,1802
3659,1802
3660,1802
3661,1802
3662,1802
3663,1802
3664,1802
3665,1802
3666,1802
3667,1802
3668,1802
3669,1802
3670,1802
3671,1802
3672,1802
3673,1802
3674,1802
3675,1802
3676,1802
3677,1802
3678,1802
3679,1802
3680,1802
3681,1802
3682,1802
3683,1802
3684,1802
3685,1802
3686,1802
3687,1802
3688,1802
3689,1802
3690,1802
3691,1802
3692,1802
3693,1802
3694,1802
3695,1802
3696,1802
3697,1802
3698,1802
3699,1802
3700,1802
3701,1802
3702,1802
3703,1802
3704,1802
3705,1802
3706,1802
3707,1802
3708,1802
3709,1802
3710,1802
3711,1802
3712,1802
3713,1802
3714,1802
3715,1802
3716,1802
3717,1802
3718,1802
3719,1802
3720,1802
3721,1802
3722,1802
3723,1802
3724,1802
3725,1802
3726,1802
3727,1802
3728,1802
3729,1802
3730,1802
3731,1802
3732,1802
3733,1802
3734,1802
3735,1802
3736,1802
3737,1802
3738,1802
3739,1802
3740,1802
3741,1802
3742,1802
3743,1802
3744,1802
3745,1802
3746,1802
3747,1802
3748,1802
3749,1802
3750,1802
3751,1802
3752,1802
3753,1802
3754,1802
3755,1802
3756,1802
3757,1802
3758,1802
3759,1802
3760,1802
3761,1802
3762,1802
3763,1802
3764,1802
3765,1802
3766,1802
3767,1802
3768,1802
3769,1802
3770,1802
3771,1802
3772,1802
3773,1802
3774,1802
3775,1802
3776,1802
3777,1802
3778,1802
3779,1802
3780,1802
3781,1802
3782,1802
3783,1802
3784,1802
3785,1802
3786,1802
3787,1802
3788,1802
3789,1802
3790,1802
3791,1802
3792,1802
3793,1802
3794,1802
3795,1802
3796,1802
3797,1802
3798,1802
3799,1802
3800,1802
3801,1802
3802,1802
3803,1802
3804,1802
3805,1802
3806,1802
3807,1802
3808,1802
3809,1802
3810,1802
3811,1802
3812,1802
3813,1802
3814,1802
3815,1802
3816,1802
3817,1802
3818,1802
3819,1802
3820,1802
3821,1802
3822,1802
3823,1802
3824,1802
3825,1802
3826,1802
3827,1802
3828,1802
3829,1802
3830,1802
3831,1802
3832,1802
3833,1802
3834,1802
3835,1802
3836,1802
3837,1802
3838,1802
3839,1802
3840,1802
3841,1802
3842,1802
3843,1802
3844,1802
3845,1803
3846,1804
3847,1805
3848,1805
3849,1805
3850,1805
3851,1805
3852,1805
3853,1805
3854,1805
3855,1805
3856,1805
3857,1805
3858,1805
3859,1805
3860,1805
3861,1805
3862,1805
3863,1805
3864,1805
3865,1805
3866,1805
3867,1805
3868,1805
3869,1805
3870,1805
3871,1805
3872,1805
3873,1805
3874,1805
3875,1805
3876,1805
3877,1805
3878,1805
3879,1805
3880,1805
3881,1805
3882,1805
3883,1805
3884,1805
3885,1805
3886,1805
3887,1805
3888,1805
3889,1805
3890,1805
3891,1805
3892,1805
3893,1805
3894,1805
3895,1805
3896,1805
3897,1805
3898,1805
3899,1805
3900,1805
3901,1805
3902,1805
3903,1805
3904,1805
3905,1805
3906,1805
3907,1805
3908,1805
3909,1805
3910,1805
3911,1805
3912,1805
3913,1805
3914,1805
3915,1805
3916,1805
3917,1805
3918,1805
3919,1805
3920,1805
3921,1805
3922,1805
3923,1805
3924,1805
3925,1805
3926,1805
3927,1805
3928,1805
3929,1805
3930,1805
3931,1805
3932,1805
3933,1805
3934,1805
3935,1805
3936,1805
3937,1805
3938,1805
3939,1805
3940,1805
3941,1805
3942,1805
3943,1805
3944,1805
3945,1805
3946,1805
3947,1805
3948,1805
3949,1805
3950,1805
3951,1805
3952,1805
3953,1805
3954,1805
3955,1805
3956,1805
3957,1805
3958,1805
3959,1805
3960,1805
3961,1805
3962,1805
3963,1805
3964,1805
3965,1805
3966,1805
3967,1805
3968,1805
3969,1805
3970,1805
3971,1805
3972,1805
3973,1805
3974,1805
3975,1805
3976,1805
3977,1805
3978,1805
3979,1805
3980,1805
3981,1805
3982,1805
3983,1805
3984,1805
3985,1805
3986,1805
3987,1805
3988,1805
3989,1805
3990,1805
3991,1805
3992,1805
3993,1805
3994,1805
3995,1805
3996,1805
3997,1805
3998,1805
3999,1805
4000,1805
4000,1805
4001,1805
4002,1805
4003,1805
4004,1805
4005,1805
4006,1805
4007,1805
4008,1805
4009,1805
4010,1805
4011,1805
4012,1805
4013,1805
4014,1805
4015,1805
4016,1805
4017,1805
4018,1805
4019,1805
4020,1805
4021,1805
4022,1805
4023,1805
4024,1805
4025,1805
4026,1805
4027,1805
4028,1805
4029,1805
4030,1805
4031,1805
4032,1805
4033,1805
4034,1805
4035,1805
4036,1805
4037,1805
4038,1805
4039,1805
4040,1805
4041,1805
4042,1805
4043,1805
4044,1805
4045,1805
4046,1805
4047,1805
4048,1805
4049,1805
4050,1805
4051,1805
4052,1805
4053,1805
4054,1805
4055,1805
4056,1805
4057,1805
4058,1805
4059,1805
4060,1805
4061,1805
4062,1805
4063,1805
4064,1805
4065,1805
4066,1805
4067,1805
4068,1805
4069,1805
4070,1805
4071,1805
4072,1805
4073,1805
4074,1805
4075,1805
4076,1805
4077,1805
4078,1805
4079,1805
4080,1805
4081,1805
4082,1805
4083,1805
4084,1805
4085,1805
4086,1805
4087,1805
4088,1805
4089,1805
4090,1805
4091,1805
4092,1805
4093,1805
4094,1805
4095,1805
4096,1805
4097,1805
4098,1805
4099,1805
4100,1805
4101,1805
4102,1805
4103,1805
4104,1805
4105,1805
4106,1805
4107,1805
4108,1805
4109,1805
4110,1805
4111,1805
4112,1805
4113,1805
4114,1805
4115,1805
4116,1805
4117,1805
4118,1805
4119,1805
4120,1805
4121,1805
4122,1805
4123,1805
4124,1805
4125,1805
4126,1805
4127,1805
4128,1805
4129,1805
4130,1805
4131,1805
4132,1805
4133,1805
4134,1805
4135,1805
4136,1805
4137,1805
4138,1805
4139,1805
4140,1805
4141,1805
4142,1805
4143,1805
4144,1805
4145,1805
4146,1805
4147,1805
4148,1805
4149,1805
4150,1805
4151,1805
4152,1805
4153,1805
4154,1805
4155,1805
4156,1805
4157,1805
4158,1805
4159,1805
4160,1805
4161,1805
4162,1805
4163,1805
4164,1805
4165,1805
4166,1805
4167,1805
4168,1805
4169,1805
4170,1805
4171,1805
4172,1805
4173,1805
4174,1805
4175,1805
4176,1805
4177,1805
4178,1805
4179,1805
4180,1805
4181,1805
4182,1805
4183,1805
4184,1805
4185,1805
4186,1805
4187,1805
4188,1805
4189,1805
4190,1805
4191,1805
4192,1805
4193,1805
4194,1805
4195,1805
4196,1805
4197,1805
4198,1805
4199,1805
4200,1805
4201,1805
4202,1805
4203,1805
4204,1805
4205,1805
4206,1805
4207,1805
4208,1805
4209,1805
4210,1805
4211,1805
4212,1805
4213,1805
4214,1805
4215,1805
4216,1805
4217,1805
4218,1805
4219,1805
4220,1805
4221,1805
4222,1805
4223,1805
4224,1805
4225,1805
4226,1805
4227,1805
4228,1805
4229,1805
4230,1805
4231,1805
4232,1805
4233,1805
4234,1805
4235,1805
4236,1805
4237,1805
4238,1805
4239,1805
4240,1805
4241,1805
4242,1805
4243,1805
4244,1805
4245,1805
4246,1805
4247,1805
4248,1805
4249,1805
4250,1805
4251,1805
4252,1805
4253,1805
4254,1805
4255,1805
4256,1805
4257,1805
4258,1805
4259,1805
4260,1805
4261,1805
4262,1805
4263,1805
4264,1805
4265,1805
4266,1805
4267,1805
4268,1805
4269,1805
4270,1805
4271,1805
4272,1805
4273,1805
4274,1805
4275,1805
4276,1805
4277,1805
4278,1805
4279,1805
4280,1805
4281,1805
4282,1805
4283,1805
4284,1805
4285,1805
4286,1805
4287,1805
4288,1805
4289,1805
4290,1805
4291,1805
4292,1805
4293,1805
4294,1805
4295,1805
4296,1805
4297,1805
4298,1805
4299,1805
4300,1805
4301,1805
4302,1805
4303,1805
4304,1805
4305,1805
4306,1805
4307,1805
4308,1805
4309,1805
4310,1805
4311,1805
4312,1805
4313,1805
4314,1805
4315,1805
4316,1805
4317,1805
4318,1805
4319,1805
4320,1805
4321,1805
4322,1805
4323,1805
4324,1805
4325,1805
4326,1805
4327,1805
4328,1805
4329,1805
4330,1805
4331,1805
4332,1805
4333,1805
4334,1805
4335,1805
4336,1805
4337,1805
4338,1805
4339,1805
4340,1805
4341,1805
4342,1805
4343,1805
4344,1805
4345,1805
4346,1805
4347,1805
4348,1805
4349,1805
4350,1805
4351,1805
4352,1805
4353,1805
4354,1805
4355,1805
4356,1805
4357,1805
4358,1805
4359,1805
4360,1805
4361,1805
4362,1805
4363,1805
4364,1805
4365,1805
4366,1805
4367,1805
4368,1805
4369,1805
4370,1805
4371,1805
4372,1805
4373,1805
4374,1805
4375,1805
4376,1805
4377,1805
4378,1805
4379,1805
4380,1805
4381,1805
4382,1805
4383,1805
4384,1805
4385,1805
4386,1805
4387,1805
4388,1805
4389,1805
4390,1805
4391,1805
4392,1805
4393,1805
4394,1805
4395,1805
4396,1805
4397,1805
4398,1805
4399,1805
4400,1805
4401,1805
4402,1805
4403,1805
4404,1805
4405,1805
4406,1805
4407,1805
4408,1805
4409,1805
4410,1805
4411,1805
4412,1805
4413,1805
4414,1805
4415,1805
4416,1805
4417,1805
4418,1805
4419,1805
4420,1805
4421,1805
4422,1805
4423,1805
4424,1805
4425,1805
4426,1805
4427,1805
4428,1805
4429,1805
4430,1805
4431,1805
4432,1805
4433,1805
4434,1805
4435,1805
4436,1805
4437,1805
4438,1805
4439,1805
4440,1805
4441,1805
4442,1805
4443,1805
4444,1805
4445,1805
4446,1805
4447,1805
4448,1805
4449,1805
4450,1805
4451,1805
4452,1805
4453,1805
4454,1805
4455,1805
4456,1805
4457,1805
4458,1805
4459,1805
4460,1805
4461,1805
4462,1805
4463,1805
4464,1805
4465,1805
4466,1805
4467,1805
4468,1805
4469,1805
4470,1805
4471,1805
4472,1805
4473,1805
4474,1805
4475,1805
4476,1805
4477,1805
4478,1805
4479,1805
4480,1805
4481,1805
4482,1805
4483,1805
4484,1805
4485,1805
4486,1805
4487,1805
4488,1805
4489,1805
4490,1805
4491,1805
4492,1805
4493,1805
4494,1805
4495,1805
4496,1805
4497,1805
4498,1805
4499,1805
4500,1805
4501,1805
4502,1805
4503,1805
4504,1805
4505,1805
4506,1805
4507,1805
4508,1805
4509,1805
4510,1805
4511,1805
4512,1805
4513,1805
4514,1805
4515,1805
4516,1805
4517,1805
4518,1805
4519,1805
4520,1805
4521,1805
4522,1805
4523,1805
4524,1805
4525,1805
4526,1805
4527,1805
4528,1805
4529,1805
4530,1805
4531,1805
4532,1805
4533,1805
4534,1805
4535,1805
4536,1805
4537,1805
4538,1805
4539,1805
4540,1805
4541,1805
4542,1805
4543,1805
4544,1805
4545,1805
4546,1805
4547,1805
4548,1805
4549,1805
4550,1805
4551,1806
4552,1806
4553,1806
4554,1806
4555,1806
4556,1806
4557,1806
4558,1806
4559,1806
4560,1806
4561,1806
4562,1806
4563,1806
4564,1806
4565,1806
4566,1806
4567,1806
4568,1806
4569,1806
4570,1806
4571,1806
4572,1806
4573,1807
4574,1807
4575,1807
4576,1807
4577,1807
4578,1808
4579,1808
4580,1808
4581,1808
4582,1808
4583,1808
4584,1808
4585,1808
4586,1808
4587,1808
4588,1808
4589,1808
4590,1808
4591,1808
4592,1808
4593,1808
4594,1808
4595,1808
4596,1808
4597,1808
4598,1808
4599,1808
4600,1808
4601,1808
4602,1808
4603,1808
4604,1808
4605,1808
4606,1808
4607,1808
4608,1808
4609,1808
4610,1808
4611,1808
4612,1808
4613,1808
4614,1808
4615,1808
4616,1808
4617,1808
4618,1808
4619,1808
4620,1808
4621,1808
4622,1808
4623,1808
4624,1808
4625,1808
4626,1808
4627,1808
4628,1808
4629,1808
4630,1808
4631,1808
4632,1808
4633,1808
4634,1808
4635,1808
4636,1808
4637,1808
4638,1808
4639,1808
4640,1808
4641,1808
4642,1808
4643,1808
4644,1808
4645,1808
4646,1808
4647,1808
4648,1808
4649,1808
4650,1808
4651,1808
4652,1808
4653,1808
4654,1808
4655,1808
4656,1808
4657,1808
4658,1808
4659,1808
4660,1808
4661,1808
4662,1808
4663,1808
4664,1808
4665,1808
4666,1808
4667,1808
4668,1808
4669,1808
4670,1808
4671,1808
4672,1808
4673,1808
4674,1808
4675,1808
4676,1808
4677,1808
4678,1808
4679,1808
4680,1808
4681,1808
4682,1808
4683,1808
4684,1808
4685,1808
4686,1808
4687,1808
4688,1808
4689,1808
4690,1808
4691,1808
4692,1808
4693,1808
4694,1808
4695,1808
4696,1808
4697,1808
4698,1808
4699,1808
4700,1808
4701,1808
4702,1808
4703,1808
4704,1808
4705,1808
4706,1808
4707,1808
4708,1808
4709,1808
4710,1808
4711,1808
4712,1808
4713,1808
4714,1808
4715,1808
4716,1808
4717,1808
4718,1808
4719,1808
4720,1808
4721,1808
4722,1808
4723,1808
4724,1808
4725,1808
4726,1808
4727,1808
4728,1808
4729,1808
4730,1808
4731,1808
4732,1808
4733,1808
4734,1808
4735,1808
4736,1808
4737,1808
4738,1808
4739,1808
4740,1808
4741,1808
4742,1808
4743,1808
4744,1808
4745,1808
4746,1808
4747,1808
4748,1808
4749,1808
4750,1808
4751,1808
4752,1808
4753,1808
4754,1808
4755,1808
4756,1808
4757,1808
4758,1808
4759,1808
4760,1808
4761,1808
4762,1808
4763,1808
4764,1808
4765,1808
4766,1808
4767,1808
4768,1808
4769,1808
4770,1808
4771,1808
4772,1808
4773,1808
4774,1808
4775,1808
4776,1808
4777,1808
4778,1808
4779,1808
4780,1808
4781,1808
4782,1808
4783,1808
4784,1808
4785,1808
4786,1808
4787,1808
4788,1808
4789,1808
4790,1808
4791,1808
4792,1808
4793,1808
4794,1808
4795,1808
4796,1808
4797,1808
4798,1808
4799,1808
4800,1808
4801,1808
4802,1808
4803,1808
4804,1808
4805,1808
4806,1808
4807,1808
4808,1808
4809,1808
4810,1808
4811,1808
4812,1808
4813,1808
4814,1808
4815,1808
4816,1808
4817,1808
4818,1808
4819,1808
4820,1808
4821,1808
4822,1808
4823,1808
4824,1808
4825,1808
4826,1808
4827,1808
4828,1808
4829,1808
4830,1808
4831,1808
4832,1808
4833,1808
4834,1808
4835,1808
4836,1808
4837,1808
4838,1808
4839,1808
4840,1808
4841,1808
4842,1808
4843,1808
4844,1808
4845,1808
4846,1808
4847,1808
4848,1808
4849,1808
4850,1808
4851,1808
4852,1808
4853,1808
4854,1808
4855,1808
4856,1808
4857,1808
4858,1808
4859,1808
4860,1808
4861,1808
4862,1808
4863,1808
4864,1808
4865,1808
4866,1808
4867,1808
4868,1808
4869,1808
4870,1808
4871,1808
4872,1808
4873,1808
4874,1808
4875,1808
4876,1808
4877,1808
4878,1808
4879,1808
4880,1808
4881,1808
4882,1808
4883,1808
4884,1808
4885,1808
4886,1808
4887,1808
4888,1808
4889,1808
4890,1808
4891,1808
4892,1808
4893,1808
4894,1808
4895,1808
4896,1808
4897,1808
4898,1808
4899,1808
4900,1808
4901,1808
4902,1808
4903,1808
4904,1808
4905,1808
4906,1808
4907,1808
4908,1808
4909,1808
4910,1808
4911,1808
4912,1808
4913,1808
4914,1808
4915,1808
4916,1808
4917,1808
4918,1808
4919,1808
4920,1808
4921,1808
4922,1808
4923,1808
4924,1808
4925,1808
4926,1808
4927,1808
4928,1808
4929,1808
4930,1808
4931,1808
4932,1808
4933,1808
4934,1808
4935,1808
4936,1808
4937,1808
4938,1808
4939,1808
4940,1808
4941,1808
4942,1808
4943,1808
4944,1808
4945,1808
4946,1808
4947,1808
4948,1808
4949,1808
4950,1808
4951,1808
4952,1808
4953,1808
4954,1808
4955,1808
4956,1808
4957,1808
4958,1808
4959,1808
4960,1808
4961,1808
4962,1808
4963,1808
4964,1808
4965,1808
4966,1808
4967,1808
4968,1808
4969,1808
4970,1808
4971,1808
4972,1808
4973,1808
4974,1808
4975,1808
4976,1808
4977,1808
4978,1808
4979,1808
4980,1808
4981,1808
4982,1808
4983,1808
4984,1808
4985,1808
4986,1808
4987,1808
4988,1808
4989,1808
4990,1808
4991,1808
4992,1808
4993,1808
4994,1808
4995,1808
4996,1808
4997,1808
4998,1808
4999,1808
5000,1808
5000,1808
5001,1808
5002,1808
5003,1808
5004,1808
5005,1808
5006,1808
5007,1808
5008,1808
5009,1808
5010,1808
5011,1808
5012,1808
5013,1808
5014,1808
5015,1808
5016,1808
5017,1808
5018,1808
5019,1808
5020,1808
5021,1808
5022,1808
5023,1808
5024,1808
5025,1808
5026,1808
5027,1808
5028,1808
5029,1809
5030,1809
5031,1809
5032,1809
5033,1809
5034,1809
5035,1809
5036,1809
5037,1809
5038,1809
5039,1809
5040,1809
5041,1809
5042,1809
5043,1809
5044,1809
5045,1809
5046,1809
5047,1809
5048,1809
5049,1809
5050,1809
5051,1809
5052,1809
5053,1809
5054,1809
5055,1809
5056,1809
5057,1809
5058,1809
5059,1809
5060,1809
5061,1809
5062,1809
5063,1809
5064,1809
5065,1809
5066,1809
5067,1809
5068,1809
5069,1809
5070,1809
5071,1809
5072,1809
5073,1809
5074,1809
5075,1809
5076,1809
5077,1809
5078,1809
5079,1809
5080,1809
5081,1809
5082,1809
5083,1809
5084,1809
5085,1809
5086,1809
5087,1809
5088,1809
5089,1809
5090,1809
5091,1809
5092,1809
5093,1809
5094,1809
5095,1809
5096,1809
5097,1809
5098,1809
5099,1809
5100,1809
5101,1809
5102,1809
5103,1809
5104,1809
5105,1809
5106,1809
5107,1809
5108,1809
5109,1809
5110,1809
5111,1809
5112,1809
5113,1809
5114,1809
5115,1809
5116,1809
5117,1809
5118,1809
5119,1809
5120,1809
5121,1809
5122,1809
5123,1809
5124,1809
5125,1809
5126,1809
5127,1809
5128,1809
5129,1809
5130,1809
5131,1809
5132,1809
5133,1809
5134,1809
5135,1809
5136,1809
5137,1809
5138,1809
5139,1809
5140,1809
5141,1809
5142,1809
5143,1809
5144,1809
5145,1809
5146,1809
5147,1809
5148,1809
5149,1809
5150,1809
5151,1809
5152,1809
5153,1809
5154,1809
5155,1809
5156,1809
5157,1809
5158,1809
5159,1809
5160,1809
5161,1809
5162,1809
5163,1809
5164,1809
5165,1809
5166,1809
5167,1809
5168,1809
5169,1809
5170,1809
5171,1809
5172,1809
5173,1809
5174,1809
5175,1809
5176,1809
5177,1809
5178,1809
5179,1809
5180,1809
5181,1809
5182,1809
5183,1809
5184,1809
5185,1809
5186,1809
5187,1809
5188,1809
5189,1809
5190,1809
5191,1809
5192,1809
5193,1809
5194,1809
5195,1809
5196,1809
5197,1809
5198,1809
5199,1809
5200,1809
5201,1809
5202,1809
5203,1809
5204,1809
5205,1809
5206,1809
5207,1809
5208,1809
5209,1809
5210,1809
5211,1809
5212,1809
5213,1809
5214,1809
5215,1809
5216,1809
5217,1809
5218,1809
5219,1809
5220,1809
5221,1809
5222,1809
5223,1809
5224,1809
5225,1809
5226,1809
5227,1809
5228,1809
5229,1809
5230,1809
5231,1809
5232,1809
5233,1809
5234,1809
5235,1809
5236,1809
5237,1809
5238,1809
5239,1809
5240,1809
5241,1809
5242,1809
5243,1809
5244,1809
5245,1809
5246,1809
5247,1809
5248,1809
5249,1809
5250,1809
5251,1809
5252,1809
5253,1809
5254,1809
5255,1809
5256,1809
5257,1809
5258,1809
5259,1809
5260,1809
5261,1809
5262,1809
5263,1809
5264,1809
5265,1809
5266,1809
5267,1809
5268,1809
5269,1809
5270,1809
5271,1809
5272,1809
5273,1809
5274,1809
5275,1809
5276,1809
5277,1809
5278,1809
5279,1809
5280,1809
5281,1809
5282,1809
5283,1809
5284,1809
5285,1809
5286,1809
5287,1809
5288,1809
5289,1809
5290,1809
5291,1809
5292,1809
5293,1809
5294,1809
5295,1809
5296,1809
5297,1809
5298,1809
5299,1809
5300,1809
5301,1809
5302,1809
5303,1809
5304,1809
5305,1809
5306,1809
5307,1809
5308,1809
5309,1809
5310,1809
5311,1809
5312,1809
5313,1809
5314,1810
5315,1810
5316,1810
5317,1810
5318,1810
5319,1810
5320,1810
5321,1810
5322,1810
5323,1810
5324,1810
5325,1810
5326,1810
5327,1810
5328,1810
5329,1810
5330,1810
5331,1810
5332,1810
5333,1810
5334,1811
5335,1811
5336,1811
5337,1811
5338,1811
5339,1811
5340,1811
5341,1811
5342,1811
5343,1811
5344,1811
5345,1811
5346,1811
5347,1811
5348,1811
5349,1811
5350,1811
5351,1811
5352,1811
5353,1811
5354,1811
5355,1811
5356,1811
5357,1811
5358,1811
5359,1811
5360,1812
5361,1812
5362,1812
5363,1812
5364,1812
5365,1812
5366,1812
5367,1812
5368,1812
5369,1812
5370,1812
5371,1812
5372,1812
5373,1812
5374,1812
5375,1812
5376,1812
5377,1812
5378,1812
5379,1812
5380,1812
5381,1812
5382,1812
5383,1812
5384,1812
5385,1812
5386,1812
5387,1812
5388,1812
5389,1812
5390,1812
5391,1812
5392,1812
5393,1812
5394,1812
5395,1812
5396,1812
5397,1812
5398,1812
5399,1812
5400,1812
5401,1812
5402,1812
5403,1812
5404,1812
5405,1812
5406,1812
5407,1812
5408,1812
5409,1812
5410,1813
5411,1813
5412,1813
5413,1813
5414,1813
5415,1813
5416,1813
5417,1813
5418,1813
5419,1813
5420,1813
5421,1813
5422,1813
5423,1813
5424,1813
5425,1813
5426,1813
5427,1813
5428,1813
5429,1813
5430,1813
5431,1813
5432,1813
5433,1813
5434,1813
5435,1813
5436,1813
5437,1813
5438,1813
5439,1813
5440,1813
5441,1813
5442,1813
5443,1813
5444,1813
5445,1813
5446,1813
5447,1813
5448,1813
5449,1813
5450,1813
5451,1813
5452,1813
5453,1813
5454,1813
5455,1813
5456,1813
5457,1813
5458,1813
5459,1813
5460,1813
5461,1813
5462,1813
5463,1813
5464,1813
5465,1813
5466,1813
5467,1813
5468,1813
5469,1813
5470,1813
5471,1813
5472,1813
5473,1813
5474,1813
5475,1813
5476,1813
5477,1813
5478,1813
5479,1813
5480,1813
5481,1813
5482,1813
5483,1813
5484,1813
5485,1813
5486,1813
5487,1813
5488,1813
5489,1813
5490,1813
5491,1813
5492,1813
5493,1813
5494,1813
5495,1813
5496,1813
5497,1813
5498,1813
5499,1813
5500,1813
5501,1813
5502,1813
5503,1813
5504,1813
5505,1813
5506,1813
5507,1813
5508,1813
5509,1813
5510,1813
5511,1813
5512,1813
5513,1813
5514,1813
5515,1813
5516,1813
5517,1813
5518,1813
5519,1813
5520,1813
5521,1813
5522,1813
5523,1813
5524,1813
5525,1813
5526,1813
5527,1813
5528,1813
5529,1813
5530,1813
5531,1813
5532,1813
5533,1813
5534,1813
5535,1813
5536,1813
5537,1813
5538,1813
5539,1813
5540,1813
5541,1813
5542,1813
5543,1813
5544,1813
5545,1813
5546,1813
5547,1813
5548,1813
5549,1813
5550,1813
5551,1813
5552,1813
5553,1813
5554,1813
5555,1813
5556,1813
5557,1813
5558,1813
5559,1813
5560,1813
5561,1813
5562,1813
5563,1813
5564,1813
5565,1813
5566,1813
5567,1813
5568,1813
5569,1813
5570,1813
5571,1813
5572,1813
5573,1813
5574,1813
5575,1813
5576,1813
5577,1813
5578,1813
5579,1813
5580,1813
5581,1813
5582,1813
5583,1813
5584,1813
5585,1813
5586,1813
5587,1813
5588,1813
5589,1813
5590,1813
5591,1813
5592,1813
5593,1813
5594,1813
5595,1813
5596,1813
5597,1813
5598,1813
5599,1813
5600,1813
5601,1813
5602,1813
5603,1813
5604,1813
5605,1813
5606,1813
5607,1813
5608,1813
5609,1813
5610,1813
5611,1813
5612,1813
5613,1813
5614,1813
5615,1813
5616,1813
5617,1813
5618,1813
5619,1813
5620,1813
5621,1813
5622,1813
5623,1813
5624,1813
5625,1813
5626,1813
5627,1813
5628,1813
5629,1813
5630,1813
5631,1813
5632,1813
5633,1813
5634,1813
5635,1813
5636,1813
5637,1813
5638,1813
5639,1813
5640,1813
5641,1813
5642,1813
5643,1813
5644,1813
5645,1813
5646,1813
5647,1813
5648,1813
5649,1813
5650,1813
5651,1813
5652,1813
5653,1813
5654,1813
5655,1813
5656,1813
5657,1813
5658,1813
5659,1813
5660,1813
5661,1813
5662,1813
5663,1813
5664,1813
5665,1813
5666,1813
5667,1813
5668,1813
5669,1813
5670,1813
5671,1813
5672,1813
5673,1813
5674,1813
5675,1813
5676,1813
5677,1813
5678,1813
5679,1813
5680,1813
5681,1813
5682,1813
5683,1813
5684,1813
5685,1813
5686,1813
5687,1813
5688,1813
5689,1813
5690,1813
5691,1813
5692,1813
5693,1813
5694,1813
5695,1813
5696,1813
5697,1813
5698,1813
5699,1813
5700,1813
5701,1813
5702,1813
5703,1813
5704,1813
5705,1813
5706,1813
5707,1813
5708,1813
5709,1813
5710,1813
5711,1813
5712,1813
5713,1813
5714,1813
5715,1813
5716,1813
5717,1813
5718,1813
5719,1813
5720,1813
5721,1813
5722,1813
5723,1813
5724,1813
5725,1813
5726,1813
5727,1813
5728,1813
5729,1813
5730,1813
5731,1813
5732,1813
5733,1813
5734,1813
5735,1813
5736,1813
5737,1813
5738,1813
5739,1813
5740,1813
5741,1813
5742,1813
5743,1813
5744,1813
5745,1813
5746,1813
5747,1813
5748,1813
5749,1813
5750,1813
5751,1813
5752,1813
5753,1813
5754,1813
5755,1813
5756,1813
5757,1813
5758,1813
5759,1813
5760,1813
5761,1813
5762,1813
5763,1813
5764,1813
5765,1813
5766,1813
5767,1813
5768,1813
5769,1813
5770,1813
5771,1813
5772,1813
5773,1813
5774,1813
5775,1813
5776,1813
5777,1813
5778,1813
5779,1813
5780,1813
5781,1813
5782,1813
5783,1813
5784,1813
5785,1813
5786,1813
5787,1813
5788,1813
5789,1813
5790,1813
5791,1813
5792,1813
5793,1813
5794,1813
5795,1813
5796,1813
5797,1813
5798,1813
5799,1813
5800,1813
5801,1813
5802,1813
5803,1813
5804,1813
5805,1813
5806,1813
5807,1813
5808,1813
5809,1813
5810,1813
5811,1813
5812,1813
5813,1813
5814,1813
5815,1813
5816,1813
5817,1813
5818,1813
5819,1813
5820,1813
5821,1813
5822,1813
5823,1813
5824,1813
5825,1813
5826,1813
5827,1813
5828,1813
5829,1813
5830,1813
5831,1813
5832,1813
5833,1813
5834,1813
5835,1813
5836,1813
5837,1813
5838,1813
5839,1813
5840,1813
5841,1813
5842,1813
5843,1813
5844,1813
5845,1813
5846,1813
5847,1813
5848,1813
5849,1813
5850,1813
5851,1813
5852,1813
5853,1813
5854,1813
5855,1813
5856,1813
5857,1813
5858,1813
5859,1813
5860,1813
5861,1813
5862,1813
5863,1813
5864,1813
5865,1813
5866,1813
5867,1813
5868,1813
5869,1813
5870,1813
5871,1813
5872,1813
5873,1813
5874,1813
5875,1813
5876,1813
5877,1813
5878,1813
5879,1813
5880,1813
5881,1813
5882,1813
5883,1813
5884,1813
5885,1813
5886,1813
5887,1813
5888,1813
5889,1813
5890,1813
5891,1813
5892,1813
5893,1813
5894,1813
5895,1813
5896,1813
5897,1813
5898,1813
5899,1813
5900,1813
5901,1813
5902,1813
5903,1813
5904,1813
5905,1813
5906,1813
5907,1813
5908,1813
5909,1813
5910,1813
5911,1813
5912,1813
5913,1813
5914,1813
5915,1813
5916,1813
5917,1813
5918,1813
5919,1813
5920,1813
5921,1813
5922,1813
5923,1813
5924,1813
5925,1813
5926,1813
5927,1813
5928,1813
5929,1813
5930,1813
5931,1813
5932,1813
5933,1813
5934,1813
5935,1813
5936,1813
5937,1813
5938,1813
5939,1813
5940,1813
5941,1813
5942,1813
5943,1813
5944,1813
5945,1813
5946,1813
5947,1813
5948,1813
5949,1813
5950,1813
5951,1813
5952,1813
5953,1813
5954,1813
5955,1813
5956,1813
5957,1813
5958,1813
5959,1813
5960,1813
5961,1813
5962,1813
5963,1813
5964,1813
5965,1813
5966,1813
5967,1813
5968,1813
5969,1813
5970,1813
5971,1813
5972,1813
5973,1813
5974,1813
5975,1813
5976,1813
5977,1813
5978,1813
5979,1813
5980,1813
5981,1813
5982,1813
5983,1813
5984,1813
5985,1813
5986,1813
5987,1813
5988,1813
5989,1813
5990,1813
5991,1813
5992,1813
5993,1813
5994,1813
5995,1813
5996,1813
5997,1813
5998,1813
5999,1813
6000,1813
6000,1813
6000,1813
6001,1813
6002,1813
6003,1813
6004,1813
6005,1813
6006,1813
6007,1813
6008,1813
6009,1813
6010,1813
6011,1813
6012,1813
6013,1813
6014,1813
6015,1813
6016,1813
6017,1813
6018,1813
6019,1813
6020,1813
6021,1813
6022,1813
6023,1813
6024,1813
6025,1813
6026,1813
6027,1813
6028,1813
6029,1813
6030,1813
6031,1813
6032,1813
6033,1813
6034,1813
6035,1813
6036,1813
6037,1813
6038,1813
6039,1813
6040,1813
6041,1813
6042,1813
6043,1813
6044,1813
6045,1813
6046,1813
6047,1813
6048,1813
6049,1813
6050,1813
6051,1813
6052,1813
6053,1813
6054,1813
6055,1813
6056,1813
6057,1813
6058,1813
6059,1813
6060,1813
6061,1813
6062,1813
6063,1813
6064,1813
6065,1813
6066,1813
6067,1813
6068,1813
6069,1813
6070,1813
6071,1813
6072,1813
6073,1813
6074,1813
6075,1813
6076,1813
6077,1813
6078,1813
6079,1813
6080,1813
6081,1813
6082,1813
6083,1813
6084,1813
6085,1813
6086,1813
6087,1813
6088,1813
6089,1813
6090,1813
6091,1813
6092,1813
6093,1813
6094,1813
6095,1813
6096,1813
6097,1813
6098,1813
6099,1813
6100,1813
6101,1813
6102,1813
6103,1813
6104,1813
6105,1813
6106,1813
6107,1813
6108,1813
6109,1813
6110,1813
6111,1813
6112,1813
6113,1813
6114,1813
6115,1813
6116,1813
6117,1813
6118,1813
6119,1813
6120,1813
6121,1813
6122,1813
6123,1813
6124,1813
6125,1813
6126,1813
6127,1813
6128,1813
6129,1813
6130,1813
6131,1813
6132,1813
6133,1813
6134,1813
6135,1813
6136,1813
6137,1813
6138,1813
6139,1813
6140,1813
6141,1813
6142,1813
6143,1813
6144,1813
6145,1813
6146,1813
6147,1813
6148,1813
6149,1813
6150,1813
6151,1813
6152,1813
6153,1813
6154,1813
6155,1813
6156,1813
6157,1813
6158,1813
6159,1813
6160,1813
6161,1813
6162,1813
6163,1813
6164,1813
6165,1813
6166,1813
6167,1813
6168,1813
6169,1813
6170,1813
6171,1813
6172,1813
6173,1813
6174,1813
6175,1813
6176,1813
6177,1813
6178,1813
6179,1813
6180,1813
6181,1813
6182,1813
6183,1813
6184,1813
6185,1813
6186,1813
6187,1813
6188,1813
6189,1813
6190,1813
6191,1813
6192,1813
6193,1813
6194,1813
6195,1813
6196,1813
6197,1813
6198,1813
6199,1813
6200,1813
6201,1813
6202,1813
6203,1813
6204,1813
6205,1813
6206,1813
6207,1813
6208,1813
6209,1813
6210,1813
6211,1813
6212,1813
6213,1813
6214,1813
6215,1813
6216,1813
6217,1813
6218,1813
6219,1813
6220,1813
6221,1813
6222,1813
6223,1813
6224,1813
6225,1813
6226,1813
6227,1813
6228,1813
6229,1813
6230,1813
6231,1813
6232,1813
6233,1813
6234,1813
6235,1813
6236,1813
6237,1813
6238,1813
6239,1813
6240,1813
6241,1813
6242,1813
6243,1813
6244,1813
6245,1813
6246,1813
6247,1813
6248,1813
6249,1813
6250,1813
6251,1813
6252,1813
6253,1813
6254,1813
6255,1813
6256,1813
6257,1813
6258,1813
6259,1813
6260,1813
6261,1813
6262,1813
6263,1813
6264,1813
6265,1813
6266,1813
6267,1813
6268,1813
6269,1813
6270,1813
6271,1813
6272,1813
6273,1813
6274,1813
6275,1813
6276,1813
6277,1813
6278,1813
6279,1813
6280,1813
6281,1813
6282,1813
6283,1813
6284,1813
6285,1813
6286,1813
6287,1813
6288,1813
6289,1813
6290,1813
6291,1813
6292,1813
6293,1813
6294,1813
6295,1813
6296,1813
6297,1813
6298,1813
6299,1813
6300,1813
6301,1813
6302,1813
6303,1813
6304,1813
6305,1813
6306,1813
6307,1813
6308,1813
6309,1813
6310,1813
6311,1813
6312,1813
6313,1813
6314,1813
6315,1813
6316,1813
6317,1813
6318,1813
6319,1813
6320,1813
6321,1813
6322,1813
6323,1813
6324,1813
6325,1813
6326,1813
6327,1813
6328,1813
6329,1813
6330,1813
6331,1813
6332,1813
6333,1813
6334,1813
6335,1813
6336,1813
6337,1813
6338,1813
6339,1813
6340,1813
6341,1813
6342,1813
6343,1813
6344,1813
6345,1813
6346,1813
6347,1813
6348,1813
6349,1813
6350,1813
6351,1813
6352,1813
6353,1813
6354,1813
6355,1813
6356,1813
6357,1813
6358,1813
6359,1813
6360,1813
6361,1813
6362,1813
6363,1813
6364,1813
6365,1813
6366,1813
6367,1813
6368,1813
6369,1813
6370,1813
6371,1813
6372,1813
6373,1813
6374,1813
6375,1813
6376,1814
6377,1814
6378,1814
6379,1814
6380,1814
6381,1814
6382,1814
6383,1814
6384,1814
6385,1814
6386,1814
6387,1814
6388,1814
6389,1814
6390,1814
6391,1815
6392,1815
6393,1815
6394,1815
6395,1815
6396,1815
6397,1815
6398,1815
6399,1815
6400,1815
6401,1815
6402,1815
6403,1815
6404,1815
6405,1815
6406,1815
6407,1815
6408,1815
6409,1815
6410,1815
6411,1815
6412,1815
6413,1815
6414,1815
6415,1815
6416,1815
6417,1815
6418,1815
6419,1815
6420,1815
6421,1815
6422,1815
6423,1815
6424,1815
6425,1815
6426,1815
6427,1815
6428,1815
6429,1815
6430,1815
6431,1815
6432,1815
6433,1815
6434,1815
6435,1815
6436,1815
6437,1815
6438,1815
6439,1815
6440,1816
6441,1816
6442,1816
6443,1816
6444,1816
6445,1816
6446,1816
6447,1816
6448,1816
6449,1816
6450,1816
6451,1816
6452,1816
6453,1816
6454,1816
6455,1816
6456,1816
6457,1816
6458,1816
6459,1816
6460,1816
6461,1816
6462,1816
6463,1816
6464,1816
6465,1816
6466,1816
6467,1816
6468,1816
6469,1816
6470,1816
6471,1816
6472,1816
6473,1816
6474,1816
6475,1816
6476,1816
6477,1816
6478,1816
6479,1816
6480,1816
6481,1816
6482,1816
6483,1816
6484,1816
6485,1816
6486,1816
6487,1816
6488,1816
6489,1816
6490,1816
6491,1816
6492,1816
6493,1816
6494,1816
6495,1816
6496,1816
6497,1816
6498,1816
6499,1816
6500,1816
6501,1816
6502,1816
6503,1816
6504,1816
6505,1816
6506,1816
6507,1816
6508,1816
6509,1816
6510,1816
6511,1816
6512,1816
6513,1816
6514,1816
6515,1816
6516,1816
6517,1816
6518,1816
6519,1816
6520,1816
6521,1816
6522,1816
6523,1816
6524,1816
6525,1816
6526,1816
6527,1816
6528,1817
6529,1817
6530,1817
6531,1817
6532,1817
6533,1817
6534,1817
6535,1817
6536,1817
6537,1817
6538,1817
6539,1817
6540,1817
6541,1817
6542,1817
6543,1817
6544,1817
6545,1817
6546,1817
6547,1817
6548,1817
6549,1817
6550,1817
6551,1817
6552,1817
6553,1817
6554,1817
6555,1817
6556,1817
6557,1817
6558,1817
6559,1817
6560,1817
6561,1817
6562,1817
6563,1817
6564,1817
6565,1817
6566,1817
6567,1817
6568,1817
6569,1817
6570,1817
6571,1817
6572,1817
6573,1817
6574,1817
6575,1817
6576,1817
6577,1817
6578,1817
6579,1817
6580,1817
6581,1817
6582,1817
6583,1817
6584,1817
6585,1817
6586,1817
6587,1817
6588,1817
6589,1817
6590,1817
6591,1817
6592,1817
6593,1817
6594,1817
6595,1817
6596,1817
6597,1817
6598,1817
6599,1817
6600,1817
6601,1817
6602,1817
6603,1817
6604,1817
6605,1817
6606,1817
6607,1817
6608,1817
6609,1817
6610,1817
6611,1817
6612,1817
6613,1817
6614,1817
6615,1817
6616,1817
6617,1817
6618,1817
6619,1817
6620,1817
6621,1817
6622,1817
6623,1817
6624,1817
6625,1817
6626,1817
6627,1817
6628,1817
6629,1817
6630,1817
6631,1817
6632,1817
6633,1817
6634,1817
6635,1817
6636,1817
6637,1817
6638,1817
6639,1817
6640,1817
6641,1817
6642,1817
6643,1817
6644,1817
6645,1817
6646,1817
6647,1817
6648,1817
6649,1817
6650,1817
6651,1817
6652,1817
6653,1817
6654,1817
6655,1817
6656,1817
6657,1817
6658,1817
6659,1817
6660,1817
6661,1817
6662,1817
6663,1817
6664,1817
6665,1817
6666,1817
6667,1817
6668,1817
6669,1817
6670,1817
6671,1817
6672,1817
6673,1817
6674,1817
6675,1817
6676,1817
6677,1817
6678,1817
6679,1817
6680,1817
6681,1817
6682,1817
6683,1817
6684,1817
6685,1817
6686,1817
6687,1817
6688,1817
6689,1817
6690,1817
6691,1817
6692,1817
6693,1817
6694,1817
6695,1817
6696,1817
6697,1817
6698,1817
6699,1817
6700,1817
6701,1817
6702,1817
6703,1817
6704,1817
6705,1817
6706,1817
6707,1817
6708,1817
6709,1817
6710,1817
6711,1817
6712,1817
6713,1817
6714,1817
6715,1817
6716,1817
6717,1817
6718,1817
6719,1817
6720,1817
6721,1817
6722,1817
6723,1817
6724,1817
6725,1817
6726,1817
6727,1817
6728,1817
6729,1817
6730,1817
6731,1817
6732,1817
6733,1817
6734,1817
6735,1817
6736,1817
6737,1817
6738,1817
6739,1817
6740,1817
6741,1817
6742,1817
6743,1817
6744,1817
6745,1817
6746,1817
6747,1817
6748,1817
6749,1817
6750,1817
6751,1817
6752,1817
6753,1817
6754,1817
6755,1817
6756,1817
6757,1817
6758,1817
6759,1817
6760,1817
6761,1817
6762,1817
6763,1817
6764,1817
6765,1817
6766,1817
6767,1817
6768,1817
6769,1817
6770,1817
6771,1817
6772,1817
6773,1817
6774,1817
6775,1817
6776,1817
6777,1817
6778,1817
6779,1817
6780,1817
6781,1817
6782,1817
6783,1817
6784,1817
6785,1817
6786,1817
6787,1817
6788,1817
6789,1817
6790,1817
6791,1817
6792,1817
6793,1817
6794,1817
6795,1817
6796,1817
6797,1817
6798,1817
6799,1817
6800,1817
6801,1817
6802,1817
6803,1817
6804,1817
6805,1817
6806,1817
6807,1817
6808,1817
6809,1817
6810,1817
6811,1817
6812,1817
6813,1817
6814,1817
6815,1817
6816,1817
6817,1817
6818,1817
6819,1817
6820,1817
6821,1817
6822,1817
6823,1817
6824,1817
6825,1817
6826,1817
6827,1817
6828,1817
6829,1817
6830,1817
6831,1817
6832,1817
6833,1817
6834,1817
6835,1817
6836,1817
6837,1817
6838,1817
6839,1817
6840,1817
6841,1817
6842,1817
6843,1817
6844,1817
6845,1817
6846,1817
6847,1817
6848,1817
6849,1817
6850,1817
6851,1817
6852,1817
6853,1817
6854,1817
6855,1817
6856,1817
6857,1817
6858,1817
6859,1817
6860,1817
6861,1817
6862,1817
6863,1817
6864,1817
6865,1817
6866,1817
6867,1817
6868,1817
6869,1817
6870,1817
6871,1817
6872,1817
6873,1817
6874,1817
6875,1817
6876,1817
6877,1817
6878,1817
6879,1817
6880,1817
6881,1817
6882,1817
6883,1817
6884,1817
6885,1817
6886,1817
6887,1817
6888,1817
6889,1817
6890,1817
6891,1817
6892,1817
6893,1817
6894,1817
6895,1817
6896,1817
6897,1817
6898,1817
6899,1817
6900,1817
6901,1817
6902,1817
6903,1817
6904,1817
6905,1817
6906,1817
6907,1817
6908,1818
6909,1818
6910,1818
6911,1818
6912,1818
6913,1818
6914,1818
6915,1818
6916,1818
6917,1818
6918,1818
6919,1818
6920,1818
6921,1818
6922,1818
6923,1818
6924,1818
6925,1818
6926,1818
6927,1818
6928,1818
6929,1818
6930,1818
6931,1818
6932,1818
6933,1818
6934,1818
6935,1818
6936,1818
6937,1818
6938,1818
6939,1818
6940,1818
6941,1818
6942,1818
6943,1818
6944,1818
6945,1818
6946,1818
6947,1818
6948,1818
6949,1818
6950,1818
6951,1818
6952,1818
6953,1818
6954,1818
6955,1818
6956,1818
6957,1818
6958,1818
6959,1818
6960,1818
6961,1818
6962,1818
6963,1818
6964,1818
6965,1818
6966,1818
6967,1818
6968,1818
6969,1818
6970,1818
6971,1818
6972,1818
6973,1818
6974,1818
6975,1818
6976,1818
6977,1818
6978,1818
6979,1818
6980,1818
6981,1818
6982,1818
6983,1818
6984,1818
6985,1818
6986,1818
6987,1818
6988,1818
6989,1818
6990,1818
6991,1818
6992,1818
6993,1818
6994,1818
6995,1818
6996,1818
6997,1818
6998,1818
6999,1818
7000,1818
7000,1818
7001,1818
7002,1818
7003,1818
7004,1818
7005,1818
7006,1818
7007,1818
7008,1818
7009,1818
7010,1818
7011,1818
7012,1818
7013,1818
7014,1818
7015,1818
7016,1818
7017,1818
7018,1818
7019,1818
7020,1818
7021,1818
7022,1818
7023,1818
7024,1818
7025,1818
7026,1818
7027,1818
7028,1818
7029,1818
7030,1818
7031,1818
7032,1818
7033,1818
7034,1818
7035,1818
7036,1818
7037,1818
7038,1818
7039,1818
7040,1818
7041,1818
7042,1818
7043,1818
7044,1818
7045,1818
7046,1818
7047,1818
7048,1818
7049,1818
7050,1818
7051,1818
7052,1818
7053,1818
7054,1818
7055,1818
7056,1818
7057,1818
7058,1818
7059,1818
7060,1818
7061,1818
7062,1818
7063,1818
7064,1818
7065,1818
7066,1818
7067,1818
7068,1818
7069,1818
7070,1818
7071,1818
7072,1818
7073,1818
7074,1818
7075,1818
7076,1818
7077,1818
7078,1818
7079,1818
7080,1818
7081,1818
7082,1818
7083,1818
7084,1818
7085,1818
7086,1818
7087,1818
7088,1818
7089,1818
7090,1818
7091,1818
7092,1818
7093,1818
7094,1818
7095,1818
7096,1818
7097,1818
7098,1818
7099,1818
7100,1818
7101,1818
7102,1818
7103,1818
7104,1818
7105,1818
7106,1818
7107,1818
7108,1818
7109,1818
7110,1818
7111,1818
7112,1818
7113,1818
7114,1818
7115,1818
7116,1818
7117,1818
7118,1818
7119,1818
7120,1818
7121,1818
7122,1818
7123,1818
7124,1818
7125,1818
7126,1818
7127,1818
7128,1818
7129,1818
7130,1818
7131,1818
7132,1818
7133,1818
7134,1818
7135,1818
7136,1818
7137,1818
7138,1818
7139,1818
7140,1818
7141,1818
7142,1818
7143,1818
7144,1818
7145,1818
7146,1818
7147,1818
7148,1818
7149,1818
7150,1818
7151,1818
7152,1818
7153,1818
7154,1818
7155,1818
7156,1818
7157,1818
7158,1818
7159,1818
7160,1818
7161,1818
7162,1818
7163,1818
7164,1818
7165,1818
7166,1818
7167,1818
7168,1818
7169,1818
7170,1818
7171,1818
7172,1818
7173,1818
7174,1818
7175,1818
7176,1818
7177,1818
7178,1818
7179,1818
7180,1818
7181,1818
7182,1818
7183,1818
7184,1818
7185,1818
7186,1818
7187,1818
7188,1818
7189,1818
7190,1818
7191,1818
7192,1818
7193,1818
7194,1818
7195,1818
7196,1818
7197,1818
7198,1818
7199,1818
7200,1818
7201,1818
7202,1818
7203,1818
7204,1818
7205,1818
7206,1818
7207,1818
7208,1818
7209,1818
7210,1818
7211,1818
7212,1818
7213,1818
7214,1818
7215,1818
7216,1818
7217,1818
7218,1819
7219,1819
7220,1819
7221,1819
7222,1819
7223,1819
7224,1819
7225,1819
7226,1819
7227,1819
7228,1819
7229,1819
7230,1819
7231,1819
7232,1819
7233,1819
7234,1819
7235,1819
7236,1819
7237,1819
7238,1819
7239,1819
7240,1819
7241,1819
7242,1819
7243,1819
7244,1819
7245,1819
7246,1819
7247,1819
7248,1819
7249,1819
7250,1819
7251,1819
7252,1819
7253,1819
7254,1819
7255,1819
7256,1819
7257,1819
7258,1819
7259,1819
7260,1819
7261,1819
7262,1819
7263,1819
7264,1819
7265,1819
7266,1819
7267,1819
7268,1819
7269,1819
7270,1819
7271,1819
7272,1819
7273,1819
7274,1819
7275,1819
7276,1819
7277,1819
7278,1819
7279,1819
7280,1819
7281,1819
7282,1819
7283,1819
7284,1819
7285,1819
7286,1819
7287,1819
7288,1819
7289,1819
7290,1819
7291,1819
7292,1819
7293,1819
7294,1819
7295,1819
7296,1819
7297,1819
7298,1819
7299,1819
7300,1819
7301,1819
7302,1819
7303,1819
7304,1819
7305,1819
7306,1819
7307,1819
7308,1819
7309,1819
7310,1819
7311,1819
7312,1819
7313,1819
7314,1819
7315,1819
7316,1819
7317,1819
7318,1819
7319,1819
7320,1819
7321,1819
7322,1819
7323,1819
7324,1819
7325,1819
7326,1819
7327,1819
7328,1819
7329,1819
7330,1819
7331,1819
7332,1819
7333,1819
7334,1819
7335,1819
7336,1819
7337,1819
7338,1819
7339,1819
7340,1819
7341,1819
7342,1819
7343,1819
7344,1819
7345,1819
7346,1819
7347,1819
7348,1819
7349,1819
7350,1819
7351,1819
7352,1819
7353,1819
7354,1819
7355,1819
7356,1819
7357,1819
7358,1819
7359,1819
7360,1819
7361,1819
7362,1819
7363,1819
7364,1819
7365,1819
7366,1819
7367,1819
7368,1819
7369,1819
7370,1819
7371,1819
7372,1819
7373,1819
7374,1819
7375,1819
7376,1819
7377,1819
7378,1819
7379,1819
7380,1819
7381,1819
7382,1819
7383,1819
7384,1819
7385,1819
7386,1819
7387,1819
7388,1819
7389,1819
7390,1819
7391,1819
7392,1819
7393,1819
7394,1819
7395,1819
7396,1819
7397,1819
7398,1819
7399,1819
7400,1819
7401,1819
7402,1819
7403,1819
7404,1819
7405,1819
7406,1819
7407,1819
7408,1819
7409,1819
7410,1819
7411,1819
7412,1819
7413,1819
7414,1819
7415,1819
7416,1819
7417,1819
7418,1819
7419,1819
7420,1819
7421,1819
7422,1819
7423,1819
7424,1819
7425,1819
7426,1819
7427,1819
7428,1819
7429,1819
7430,1819
7431,1819
7432,1819
7433,1819
7434,1819
7435,1819
7436,1819
7437,1819
7438,1819
7439,1819
7440,1819
7441,1819
7442,1819
7443,1819
7444,1819
7445,1819
7446,1819
7447,1819
7448,1819
7449,1819
7450,1819
7451,1819
7452,1819
7453,1819
7454,1819
7455,1819
7456,1819
7457,1819
7458,1819
7459,1819
7460,1819
7461,1819
7462,1819
7463,1819
7464,1819
7465,1819
7466,1819
7467,1819
7468,1819
7469,1819
7470,1819
7471,1819
7472,1819
7473,1819
7474,1819
7475,1819
7476,1819
7477,1819
7478,1819
7479,1819
7480,1819
7481,1819
7482,1819
7483,1819
7484,1819
7485,1819
7486,1819
7487,1819
7488,1819
7489,1819
7490,1819
7491,1819
7492,1819
7493,1819
7494,1819
7495,1819
7496,1819
7497,1819
7498,1819
7499,1819
7500,1819
7501,1819
7502,1819
7503,1819
7504,1819
7505,1819
7506,1819
7507,1819
7508,1819
7509,1819
7510,1819
7511,1819
7512,1819
7513,1819
7514,1819
7515,1819
7516,1819
7517,1819
7518,1819
7519,1819
7520,1819
7521,1819
7522,1819
7523,1819
7524,1819
7525,1819
7526,1819
7527,1819
7528,1819
7529,1819
7530,1819
7531,1819
7532,1819
7533,1819
7534,1819
7535,1819
7536,1819
7537,1819
7538,1819
7539,1819
7540,1819
7541,1819
7542,1819
7543,1819
7544,1819
7545,1819
7546,1819
7547,1819
7548,1819
7549,1819
7550,1819
7551,1819
7552,1819
7553,1819
7554,1819
7555,1819
7556,1819
7557,1819
7558,1819
7559,1819
7560,1819
7561,1819
7562,1819
7563,1819
7564,1819
7565,1819
7566,1819
7567,1819
7568,1819
7569,1819
7570,1819
7571,1819
7572,1819
7573,1819
7574,1819
7575,1819
7576,1819
7577,1819
7578,1819
7579,1819
7580,1819
7581,1819
7582,1819
7583,1819
7584,1819
7585,1819
7586,1819
7587,1819
7588,1819
7589,1819
7590,1819
7591,1819
7592,1819
7593,1819
7594,1819
7595,1819
7596,1819
7597,1819
7598,1819
7599,1819
7600,1819
7601,1819
7602,1819
7603,1819
7604,1819
7605,1819
7606,1819
7607,1819
7608,1819
7609,1819
7610,1819
7611,1819
7612,1819
7613,1819
7614,1819
7615,1819
7616,1819
7617,1819
7618,1819
7619,1819
7620,1819
7621,1819
7622,1819
7623,1819
7624,1819
7625,1819
7626,1819
7627,1819
7628,1819
7629,1819
7630,1819
7631,1819
7632,1819
7633,1819
7634,1819
7635,1819
7636,1819
7637,1819
7638,1819
7639,1819
7640,1819
7641,1819
7642,1819
7643,1819
7644,1819
7645,1819
7646,1819
7647,1819
7648,1819
7649,1819
7650,1819
7651,1819
7652,1819
7653,1819
7654,1819
7655,1819
7656,1819
7657,1819
7658,1819
7659,1819
7660,1819
7661,1819
7662,1819
7663,1819
7664,1819
7665,1819
7666,1819
7667,1819
7668,1819
7669,1819
7670,1819
7671,1819
7672,1819
7673,1819
7674,1819
7675,1819
7676,1819
7677,1819
7678,1819
7679,1819
7680,1819
7681,1819
7682,1819
7683,1819
7684,1819
7685,1819
7686,1819
7687,1819
7688,1819
7689,1819
7690,1819
7691,1819
7692,1819
7693,1819
7694,1819
7695,1819
7696,1819
7697,1819
7698,1819
7699,1819
7700,1819
7701,1819
7702,1819
7703,1819
7704,1819
7705,1819
7706,1819
7707,1819
7708,1819
7709,1819
7710,1819
7711,1819
7712,1819
7713,1819
7714,1819
7715,1819
7716,1819
7717,1819
7718,1819
7719,1819
7720,1819
7721,1819
7722,1819
7723,1819
7724,1819
7725,1819
7726,1819
7727,1819
7728,1819
7729,1819
7730,1819
7731,1819
7732,1819
7733,1819
7734,1819
7735,1819
7736,1819
7737,1819
7738,1819
7739,1819
7740,1819
7741,1819
7742,1819
7743,1819
7744,1819
7745,1819
7746,1819
7747,1819
7748,1819
7749,1819
7750,1819
7751,1819
7752,1819
7753,1819
7754,1819
7755,1819
7756,1819
7757,1819
7758,1819
7759,1819
7760,1819
7761,1819
7762,1819
7763,1819
7764,1819
7765,1819
7766,1819
7767,1819
7768,1819
7769,1819
7770,1819
7771,1819
7772,1819
7773,1819
7774,1819
7775,1819
7776,1819
7777,1819
7778,1819
7779,1819
7780,1819
7781,1819
7782,1819
7783,1819
7784,1819
7785,1819
7786,1819
7787,1819
7788,1819
7789,1819
7790,1819
7791,1819
7792,1819
7793,1819
7794,1819
7795,1819
7796,1819
7797,1819
7798,1819
7799,1819
7800,1819
7801,1819
7802,1819
7803,1819
7804,1819
7805,1819
7806,1819
7807,1819
7808,1819
7809,1819
7810,1819
7811,1819
7812,1819
7813,1819
7814,1819
7815,1819
7816,1819
7817,1819
7818,1819
7819,1819
7820,1819
7821,1819
7822,1819
7823,1819
7824,1819
7825,1819
7826,1819
7827,1819
7828,1819
7829,1819
7830,1819
7831,1819
7832,1819
7833,1819
7834,1819
7835,1819
7836,1819
7837,1819
7838,1819
7839,1819
7840,1819
7841,1819
7842,1819
7843,1819
7844,1819
7845,1819
7846,1819
7847,1819
7848,1819
7849,1819
7850,1819
7851,1819
7852,1819
7853,1819
7854,1819
7855,1819
7856,1819
7857,1819
7858,1819
7859,1819
7860,1819
7861,1819
7862,1819
7863,1819
7864,1819
7865,1819
7866,1819
7867,1819
7868,1819
7869,1819
7870,1819
7871,1819
7872,1819
7873,1819
7874,1819
7875,1819
7876,1819
7877,1819
7878,1819
7879,1819
7880,1819
7881,1819
7882,1819
7883,1819
7884,1819
7885,1819
7886,1819
7887,1819
7888,1819
7889,1819
7890,1819
7891,1819
7892,1819
7893,1819
7894,1819
7895,1819
7896,1819
7897,1819
7898,1819
7899,1819
7900,1819
7901,1819
7902,1819
7903,1819
7904,1819
7905,1819
7906,1819
7907,1819
7908,1819
7909,1819
7910,1819
7911,1820
7912,1820
7913,1820
7914,1820
7915,1820
7916,1820
7917,1820
7918,1820
7919,1820
7920,1820
7921,1820
7922,1820
7923,1820
7924,1820
7925,1820
7926,1820
7927,1820
7928,1820
7929,1820
7930,1820
7931,1820
7932,1820
7933,1820
7934,1820
7935,1820
7936,1820
7937,1820
7938,1820
7939,1820
7940,1820
7941,1820
7942,1820
7943,1820
7944,1820
7945,1820
7946,1820
7947,1820
7948,1820
7949,1820
7950,1820
7951,1820
7952,1820
7953,1820
7954,1820
7955,1820
7956,1820
7957,1820
7958,1820
7959,1820
7960,1820
7961,1820
7962,1820
7963,1820
7964,1820
7965,1820
7966,1820
7967,1820
7968,1820
7969,1820
7970,1820
7971,1820
7972,1820
7973,1820
7974,1820
7975,1820
7976,1820
7977,1820
7978,1820
7979,1820
7980,1820
7981,1820
7982,1820
7983,1820
7984,1820
7985,1820
7986,1820
7987,1820
7988,1820
7989,1820
7990,1820
7991,1820
7992,1820
7993,1820
7994,1820
7995,1820
7996,1820
7997,1820
7998,1820
7999,1820
8000,1820
8000,1820
8001,1820
8002,1820
8003,1820
8004,1820
8005,1820
8006,1820
8007,1820
8008,1820
8009,1820
8010,1820
8011,1820
8012,1820
8013,1820
8014,1820
8015,1820
8016,1820
8017,1820
8018,1820
8019,1820
8020,1820
8021,1820
8022,1820
8023,1820
8024,1820
8025,1820
8026,1820
8027,1820
8028,1820
8029,1820
8030,1820
8031,1820
8032,1820
8033,1820
8034,1820
8035,1820
8036,1820
8037,1820
8038,1820
8039,1820
8040,1820
8041,1820
8042,1820
8043,1820
8044,1820
8045,1820
8046,1820
8047,1820
8048,1820
8049,1820
8050,1820
8051,1820
8052,1820
8053,1820
8054,1820
8055,1820
8056,1820
8057,1821
8058,1821
8059,1821
8060,1821
8061,1821
8062,1821
8063,1821
8064,1821
8065,1821
8066,1821
8067,1821
8068,1821
8069,1821
8070,1821
8071,1821
8072,1821
8073,1821
8074,1821
8075,1821
8076,1821
8077,1821
8078,1821
8079,1821
8080,1821
8081,1821
8082,1821
8083,1821
8084,1821
8085,1821
8086,1821
8087,1821
8088,1821
8089,1821
8090,1821
8091,1821
8092,1821
8093,1821
8094,1821
8095,1821
8096,1821
8097,1821
8098,1821
8099,1821
8100,1821
8101,1821
8102,1821
8103,1821
8104,1821
8105,1821
8106,1821
8107,1821
8108,1821
8109,1821
8110,1821
8111,1821
8112,1821
8113,1821
8114,1821
8115,1821
8116,1821
8117,1821
8118,1821
8119,1821
8120,1821
8121,1821
8122,1821
8123,1821
8124,1821
8125,1821
8126,1821
8127,1821
8128,1821
8129,1821
8130,1821
8131,1821
8132,1821
8133,1821
8134,1821
8135,1821
8136,1821
8137,1821
8138,1821
8139,1821
8140,1821
8141,1821
8142,1821
8143,1821
8144,1821
8145,1821
8146,1821
8147,1821
8148,1821
8149,1821
8150,1821
8151,1821
8152,1821
8153,1821
8154,1821
8155,1821
8156,1821
8157,1821
8158,1821
8159,1821
8160,1821
8161,1821
8162,1821
8163,1821
8164,1821
8165,1821
8166,1821
8167,1821
8168,1821
8169,1821
8170,1821
8171,1821
8172,1821
8173,1821
8174,1821
8175,1821
8176,1821
8177,1821
8178,1821
8179,1821
8180,1821
8181,1821
8182,1821
8183,1821
8184,1821
8185,1821
8186,1821
8187,1821
8188,1821
8189,1821
8190,1821
8191,1821
8192,1821
8193,1821
8194,1821
8195,1821
8196,1821
8197,1821
8198,1821
8199,1821
8200,1821
8201,1821
8202,1821
8203,1821
8204,1822
8205,1822
8206,1822
8207,1822
8208,1822
8209,1822
8210,1822
8211,1822
8212,1822
8213,1822
8214,1822
8215,1822
8216,1822
8217,1822
8218,1822
8219,1822
8220,1822
8221,1822
8222,1822
8223,1822
8224,1822
8225,1822
8226,1822
8227,1822
8228,1822
8229,1822
8230,1822
8231,1822
8232,1822
8233,1822
8234,1822
8235,1822
8236,1822
8237,1822
8238,1822
8239,1822
8240,1822
8241,1822
8242,1822
8243,1822
8244,1822
8245,1822
8246,1822
8247,1822
8248,1822
8249,1822
8250,1822
8251,1822
8252,1822
8253,1823
8254,1823
8255,1823
8256,1823
8257,1823
8258,1823
8259,1823
8260,1823
8261,1823
8262,1823
8263,1823
8264,1823
8265,1823
8266,1823
8267,1823
8268,1823
8269,1823
8270,1823
8271,1823
8272,1823
8273,1823
8274,1823
8275,1823
8276,1823
8277,1823
8278,1823
8279,1823
8280,1823
8281,1823
8282,1823
8283,1823
8284,1823
8285,1823
8286,1823
8287,1823
8288,1823
8289,1823
8290,1823
8291,1823
8292,1823
8293,1823
8294,1823
8295,1823
8296,1823
8297,1823
8298,1823
8299,1823
8300,1823
8301,1824
8302,1824
8303,1824
8304,1824
8305,1824
8306,1824
8307,1824
8308,1824
8309,1824
8310,1824
8311,1824
8312,1824
8313,1824
8314,1824
8315,1825
8316,1825
8317,1825
8318,1825
8319,1825
8320,1825
8321,1825
8322,1825
8323,1825
8324,1825
8325,1825
8326,1825
8327,1825
8328,1825
8329,1825
8330,1825
8331,1825
8332,1825
8333,1825
8334,1825
8335,1825
8336,1825
8337,1825
8338,1825
8339,1825
8340,1825
8341,1825
8342,1825
8343,1825
8344,1825
8345,1825
8346,1825
8347,1825
8348,1825
8349,1825
8350,1825
8351,1825
8352,1825
8353,1825
8354,1825
8355,1825
8356,1825
8357,1825
8358,1825
8359,1825
8360,1825
8361,1825
8362,1825
8363,1825
8364,1825
8365,1825
8366,1825
8367,1825
8368,1825
8369,1825
8370,1825
8371,1825
8372,1825
8373,1825
8374,1825
8375,1825
8376,1825
8377,1825
8378,1825
8379,1825
8380,1825
8381,1825
8382,1825
8383,1825
8384,1825
8385,1825
8386,1825
8387,1825
8388,1826
8389,1826
8390,1826
8391,1826
8392,1826
8393,1826
8394,1826
8395,1826
8396,1826
8397,1826
8398,1826
8399,1826
8400,1826
8401,1826
8402,1826
8403,1826
8404,1826
8405,1826
8406,1826
8407,1826
8408,1826
8409,1826
8410,1826
8411,1826
8412,1826
8413,1826
8414,1826
8415,1826
8416,1826
8417,1826
8418,1826
8419,1826
8420,1826
8421,1826
8422,1826
8423,1826
8424,1826
8425,1826
8426,1826
8427,1826
8428,1826
8429,1826
8430,1826
8431,1826
8432,1826
8433,1826
8434,1826
8435,1826
8436,1826
8437,1826
8438,1826
8439,1826
8440,1826
8441,1826
8442,1826
8443,1826
8444,1826
8445,1826
8446,1826
8447,1826
8448,1826
8449,1826
8450,1826
8451,1826
8452,1826
8453,1826
8454,1826
8455,1826
8456,1826
8457,1826
8458,1826
8459,1826
8460,1826
8461,1826
8462,1826
8463,1826
8464,1826
8465,1826
8466,1826
8467,1826
8468,1826
8469,1826
8470,1826
8471,1826
8472,1826
8473,1826
8474,1826
8475,1826
8476,1826
8477,1826
8478,1826
8479,1826
8480,1826
8481,1826
8482,1826
8483,1826
8484,1826
8485,1826
8486,1826
8487,1826
8488,1826
8489,1826
8490,1826
8491,1826
8492,1826
8493,1826
8494,1826
8495,1826
8496,1826
8497,1826
8498,1826
8499,1826
8500,1826
8501,1826
8502,1826
8503,1826
8504,1826
8505,1826
8506,1826
8507,1826
8508,1826
8509,1826
8510,1826
8511,1826
8512,1826
8513,1826
8514,1826
8515,1826
8516,1826
8517,1826
8518,1826
8519,1826
8520,1826
8521,1826
8522,1826
8523,1826
8524,1826
8525,1826
8526,1826
8527,1827
8528,1827
8529,1827
8530,1827
8531,1827
8532,1827
8533,1827
8534,1827
8535,1827
8536,1827
8537,1827
8538,1827
8539,1827
8540,1827
8541,1827
8542,1827
8543,1827
8544,1827
8545,1827
8546,1827
8547,1827
8548,1827
8549,1827
8550,1827
8551,1827
8552,1827
8553,1827
8554,1827
8555,1827
8556,1827
8557,1827
8558,1827
8559,1827
8560,1827
8561,1827
8562,1827
8563,1827
8564,1827
8565,1827
8566,1827
8567,1827
8568,1827
8569,1827
8570,1827
8571,1827
8572,1827
8573,1827
8574,1827
8575,1827
8576,1827
8577,1827
8578,1827
8579,1827
8580,1827
8581,1827
8582,1827
8583,1827
8584,1827
8585,1827
8586,1827
8587,1827
8588,1827
8589,1827
8590,1827
8591,1827
8592,1827
8593,1827
8594,1827
8595,1827
8596,1827
8597,1827
8598,1827
8599,1827
8600,1827
8601,1827
8602,1827
8603,1827
8604,1827
8605,1827
8606,1827
8607,1827
8608,1827
8609,1827
8610,1827
8611,1827
8612,1827
8613,1827
8614,1827
8615,1827
8616,1827
8617,1827
8618,1827
8619,1827
8620,1827
8621,1827
8622,1827
8623,1827
8624,1827
8625,1827
8626,1827
8627,1827
8628,1827
8629,1827
8630,1827
8631,1827
8632,1827
8633,1827
8634,1827
8635,1827
8636,1827
8637,1827
8638,1827
8639,1827
8640,1827
8641,1827
8642,1827
8643,1827
8644,1827
8645,1827
8646,1827
8647,1827
8648,1827
8649,1827
8650,1827
8651,1827
8652,1827
8653,1827
8654,1827
8655,1827
8656,1827
8657,1827
8658,1827
8659,1827
8660,1827
8661,1827
8662,1827
8663,1827
8664,1827
8665,1827
8666,1827
8667,1827
8668,1827
8669,1827
8670,1827
8671,1827
8672,1827
8673,1827
8674,1827
8675,1827
8676,1827
8677,1827
8678,1827
8679,1827
8680,1827
8681,1827
8682,1827
8683,1827
8684,1827
8685,1827
8686,1827
8687,1827
8688,1827
8689,1827
8690,1827
8691,1827
8692,1827
8693,1827
8694,1827
8695,1827
8696,1827
8697,1827
8698,1827
8699,1827
8700,1827
8701,1827
8702,1827
8703,1827
8704,1827
8705,1827
8706,1827
8707,1827
8708,1827
8709,1827
8710,1827
8711,1827
8712,1827
8713,1827
8714,1827
8715,1827
8716,1827
8717,1827
8718,1827
8719,1827
8720,1827
8721,1827
8722,1827
8723,1827
8724,1827
8725,1827
8726,1827
8727,1827
8728,1827
8729,1828
8730,1828
8731,1828
8732,1828
8733,1828
8734,1828
8735,1828
8736,1828
8737,1828
8738,1828
8739,1828
8740,1828
8741,1828
8742,1828
8743,1828
8744,1828
8745,1828
8746,1828
8747,1828
8748,1828
8749,1828
8750,1828
8751,1828
8752,1828
8753,1829
8754,1829
8755,1829
8756,1829
8757,1829
8758,1829
8759,1829
8760,1829
8761,1829
8762,1829
8763,1829
8764,1829
8765,1829
8766,1829
8767,1829
8768,1829
8769,1829
8770,1829
8771,1829
8772,1829
8773,1829
8774,1829
8775,1829
8776,1829
8777,1829
8778,1829
8779,1829
8780,1829
8781,1829
8782,1829
8783,1829
8784,1829
8785,1829
8786,1829
8787,1829
8788,1829
8789,1829
8790,1829
8791,1829
8792,1829
8793,1829
8794,1829
8795,1829
8796,1829
8797,1829
8798,1829
8799,1829
8800,1829
8801,1829
8802,1829
8803,1829
8804,1829
8805,1829
8806,1829
8807,1829
8808,1829
8809,1829
8810,1829
8811,1829
8812,1829
8813,1829
8814,1829
8815,1829
8816,1829
8817,1829
8818,1829
8819,1829
8820,1829
8821,1829
8822,1829
8823,1829
8824,1829
8825,1829
8826,1829
8827,1829
8828,1829
8829,1829
8830,1829
8831,1829
8832,1829
8833,1829
8834,1829
8835,1829
8836,1829
8837,1829
8838,1829
8839,1829
8840,1829
8841,1829
8842,1829
8843,1829
8844,1829
8845,1829
8846,1829
8847,1829
8848,1829
8849,1829
8850,1829
8851,1829
8852,1829
8853,1829
8854,1829
8855,1829
8856,1829
8857,1829
8858,1829
8859,1829
8860,1829
8861,1829
8862,1829
8863,1829
8864,1829
8865,1829
8866,1829
8867,1829
8868,1829
8869,1829
8870,1829
8871,1829
8872,1829
8873,1829
8874,1829
8875,1829
8876,1829
8877,1829
8878,1829
8879,1829
8880,1829
8881,1829
8882,1829
8883,1829
8884,1829
8885,1829
8886,1829
8887,1829
8888,1829
8889,1829
8890,1829
8891,1829
8892,1829
8893,1829
8894,1829
8895,1829
8896,1829
8897,1829
8898,1829
8899,1829
8900,1829
8901,1829
8902,1829
8903,1829
8904,1829
8905,1829
8906,1829
8907,1829
8908,1829
8909,1829
8910,1829
8911,1829
8912,1829
8913,1829
8914,1829
8915,1829
8916,1829
8917,1829
8918,1829
8919,1829
8920,1829
8921,1829
8922,1829
8923,1829
8924,1829
8925,1829
8926,1829
8927,1829
8928,1829
8929,1829
8930,1829
8931,1829
8932,1829
8933,1829
8934,1829
8935,1829
8936,1829
8937,1829
8938,1829
8939,1829
8940,1829
8941,1829
8942,1829
8943,1829
8944,1829
8945,1829
8946,1829
8947,1829
8948,1829
8949,1829
8950,1829
8951,1829
8952,1829
8953,1829
8954,1829
8955,1829
8956,1829
8957,1829
8958,1829
8959,1829
8960,1829
8961,1829
8962,1829
8963,1829
8964,1829
8965,1829
8966,1829
8967,1829
8968,1829
8969,1829
8970,1829
8971,1829
8972,1829
8973,1829
8974,1829
8975,1829
8976,1829
8977,1829
8978,1829
8979,1829
8980,1829
8981,1829
8982,1829
8983,1829
8984,1829
8985,1829
8986,1829
8987,1829
8988,1829
8989,1829
8990,1829
8991,1829
8992,1829
8993,1829
8994,1829
8995,1829
8996,1829
8997,1829
8998,1829
8999,1829
9000,1829
9000,1829
9001,1829
9002,1829
9003,1829
9004,1829
9005,1829
9006,1829
9007,1829
9008,1829
9009,1829
9010,1829
9011,1829
9012,1829
9013,1829
9014,1829
9015,1829
9016,1829
9017,1829
9018,1829
9019,1829
9020,1829
9021,1829
9022,1829
9023,1829
9024,1829
9025,1829
9026,1829
9027,1829
9028,1829
9029,1829
9030,1829
9031,1829
9032,1829
9033,1829
9034,1829
9035,1829
9036,1829
9037,1829
9038,1829
9039,1829
9040,1829
9041,1829
9042,1829
9043,1829
9044,1829
9045,1829
9046,1829
9047,1829
9048,1829
9049,1829
9050,1829
9051,1829
9052,1829
9053,1829
9054,1829
9055,1829
9056,1829
9057,1829
9058,1829
9059,1829
9060,1829
9061,1829
9062,1829
9063,1829
9064,1829
9065,1829
9066,1829
9067,1829
9068,1829
9069,1829
9070,1829
9071,1829
9072,1829
9073,1829
9074,1829
9075,1829
9076,1829
9077,1829
9078,1829
9079,1829
9080,1829
9081,1829
9082,1829
9083,1829
9084,1829
9085,1829
9086,1829
9087,1829
9088,1829
9089,1829
9090,1829
9091,1829
9092,1829
9093,1829
9094,1829
9095,1829
9096,1829
9097,1829
9098,1829
9099,1829
9100,1829
9101,1829
9102,1829
9103,1829
9104,1829
9105,1829
9106,1829
9107,1829
9108,1829
9109,1829
9110,1829
9111,1829
9112,1829
9113,1829
9114,1829
9115,1829
9116,1829
9117,1829
9118,1829
9119,1829
9120,1829
9121,1829
9122,1829
9123,1829
9124,1829
9125,1829
9126,1829
9127,1829
9128,1829
9129,1829
9130,1829
9131,1829
9132,1829
9133,1829
9134,1829
9135,1829
9136,1829
9137,1829
9138,1829
9139,1829
9140,1829
9141,1829
9142,1829
9143,1829
9144,1829
9145,1829
9146,1829
9147,1829
9148,1829
9149,1829
9150,1829
9151,1829
9152,1829
9153,1829
9154,1829
9155,1829
9156,1829
9157,1829
9158,1829
9159,1829
9160,1829
9161,1829
9162,1829
9163,1829
9164,1829
9165,1829
9166,1829
9167,1829
9168,1829
9169,1829
9170,1829
9171,1829
9172,1829
9173,1829
9174,1829
9175,1829
9176,1829
9177,1829
9178,1829
9179,1829
9180,1829
9181,1829
9182,1829
9183,1829
9184,1829
9185,1829
9186,1829
9187,1829
9188,1829
9189,1829
9190,1829
9191,1829
9192,1829
9193,1829
9194,1829
9195,1829
9196,1829
9197,1829
9198,1829
9199,1829
9200,1829
9201,1829
9202,1829
9203,1829
9204,1829
9205,1829
9206,1829
9207,1829
9208,1829
9209,1829
9210,1829
9211,1829
9212,1829
9213,1829
9214,1829
9215,1829
9216,1829
9217,1829
9218,1829
9219,1829
9220,1829
9221,1829
9222,1829
9223,1829
9224,1829
9225,1829
9226,1829
9227,1829
9228,1829
9229,1829
9230,1829
9231,1829
9232,1829
9233,1829
9234,1829
9235,1829
9236,1829
9237,1829
9238,1829
9239,1829
9240,1829
9241,1829
9242,1829
9243,1829
9244,1829
9245,1829
9246,1829
9247,1829
9248,1829
9249,1829
9250,1829
9251,1829
9252,1829
9253,1829
9254,1829
9255,1829
9256,1829
9257,1829
9258,1829
9259,1829
9260,1829
9261,1829
9262,1829
9263,1829
9264,1829
9265,1829
9266,1829
9267,1829
9268,1829
9269,1829
9270,1829
9271,1829
9272,1829
9273,1829
9274,1829
9275,1829
9276,1829
9277,1829
9278,1829
9279,1829
9280,1829
9281,1829
9282,1829
9283,1829
9284,1829
9285,1829
9286,1829
9287,1829
9288,1829
9289,1829
9290,1829
9291,1829
9292,1829
9293,1829
9294,1829
9295,1829
9296,1829
9297,1829
9298,1829
9299,1829
9300,1829
9301,1829
9302,1829
9303,1829
9304,1829
9305,1829
9306,1829
9307,1829
9308,1829
9309,1829
9310,1829
9311,1829
9312,1829
9313,1829
9314,1829
9315,1829
9316,1829
9317,1829
9318,1829
9319,1829
9320,1829
9321,1829
9322,1829
9323,1829
9324,1829
9325,1829
9326,1829
9327,1829
9328,1829
9329,1829
9330,1829
9331,1829
9332,1829
9333,1829
9334,1829
9335,1829
9336,1829
9337,1829
9338,1829
9339,1829
9340,1829
9341,1829
9342,1829
9343,1829
9344,1829
9345,1829
9346,1829
9347,1829
9348,1829
9349,1829
9350,1829
9351,1829
9352,1829
9353,1829
9354,1829
9355,1829
9356,1829
9357,1829
9358,1829
9359,1829
9360,1829
9361,1829
9362,1829
9363,1829
9364,1829
9365,1829
9366,1829
9367,1829
9368,1829
9369,1829
9370,1829
9371,1829
9372,1829
9373,1829
9374,1829
9375,1829
9376,1829
9377,1829
9378,1829
9379,1829
9380,1829
9381,1829
9382,1829
9383,1829
9384,1829
9385,1829
9386,1829
9387,1829
9388,1829
9389,1829
9390,1829
9391,1829
9392,1829
9393,1829
9394,1829
9395,1829
9396,1829
9397,1829
9398,1829
9399,1829
9400,1829
9401,1829
9402,1829
9403,1829
9404,1829
9405,1829
9406,1829
9407,1829
9408,1829
9409,1829
9410,1829
9411,1829
9412,1829
9413,1829
9414,1829
9415,1829
9416,1829
9417,1829
9418,1829
9419,1829
9420,1829
9421,1829
9422,1829
9423,1829
9424,1829
9425,1829
9426,1829
9427,1829
9428,1829
9429,1829
9430,1829
9431,1829
9432,1829
9433,1829
9434,1829
9435,1829
9436,1829
9437,1829
9438,1829
9439,1829
9440,1829
9441,1829
9442,1829
9443,1829
9444,1829
9445,1829
9446,1829
9447,1829
9448,1829
9449,1829
9450,1829
9451,1829
9452,1829
9453,1829
9454,1829
9455,1829
9456,1829
9457,1829
9458,1829
9459,1829
9460,1829
9461,1829
9462,1829
9463,1829
9464,1829
9465,1829
9466,1829
9467,1829
9468,1829
9469,1829
9470,1829
9471,1829
9472,1829
9473,1829
9474,1829
9475,1829
9476,1829
9477,1829
9478,1829
9479,1829
9480,1829
9481,1829
9482,1829
9483,1829
9484,1829
9485,1829
9486,1829
9487,1829
9488,1829
9489,1829
9490,1830
9491,1830
9492,1830
9493,1830
9494,1830
9495,1830
9496,1830
9497,1830
9498,1830
9499,1830
9500,1830
9501,1830
9502,1830
9503,1830
9504,1830
9505,1830
9506,1830
9507,1830
9508,1830
9509,1830
9510,1830
9511,1830
9512,1830
9513,1830
9514,1830
9515,1830
9516,1830
9517,1830
9518,1830
9519,1830
9520,1830
9521,1830
9522,1830
9523,1830
9524,1830
9525,1830
9526,1830
9527,1830
9528,1830
9529,1830
9530,1830
9531,1830
9532,1830
9533,1830
9534,1830
9535,1830
9536,1830
9537,1830
9538,1830
9539,1830
9540,1830
9541,1830
9542,1830
9543,1830
9544,1830
9545,1830
9546,1830
9547,1830
9548,1830
9549,1830
9550,1830
9551,1830
9552,1830
9553,1830
9554,1830
9555,1830
9556,1830
9557,1830
9558,1830
9559,1830
9560,1830
9561,1830
9562,1830
9563,1830
9564,1830
9565,1830
9566,1830
9567,1830
9568,1830
9569,1830
9570,1830
9571,1830
9572,1830
9573,1830
9574,1830
9575,1830
9576,1830
9577,1830
9578,1830
9579,1830
9580,1830
9581,1830
9582,1830
9583,1830
9584,1830
9585,1830
9586,1830
9587,1830
9588,1830
9589,1830
9590,1830
9591,1830
9592,1830
9593,1830
9594,1830
9595,1830
9596,1830
9597,1830
9598,1830
9599,1830
9600,1830
9601,1830
9602,1830
9603,1830
9604,1830
9605,1830
9606,1830
9607,1830
9608,1830
9609,1830
9610,1830
9611,1830
9612,1830
9613,1830
9614,1830
9615,1830
9616,1830
9617,1830
9618,1830
9619,1830
9620,1830
9621,1830
9622,1830
9623,1830
9624,1830
9625,1830
9626,1830
9627,1830
9628,1830
9629,1830
9630,1830
9631,1830
9632,1830
9633,1830
9634,1830
9635,1830
9636,1830
9637,1830
9638,1830
9639,1830
9640,1830
9641,1830
9642,1830
9643,1830
9644,1830
9645,1830
9646,1830
9647,1830
9648,1830
9649,1830
9650,1830
9651,1830
9652,1830
9653,1830
9654,1830
9655,1830
9656,1830
9657,1830
9658,1830
9659,1830
9660,1830
9661,1830
9662,1830
9663,1830
9664,1830
9665,1830
9666,1830
9667,1830
9668,1830
9669,1830
9670,1830
9671,1830
9672,1830
9673,1830
9674,1830
9675,1830
9676,1830
9677,1830
9678,1830
9679,1830
9680,1830
9681,1830
9682,1830
9683,1830
9684,1830
9685,1830
9686,1830
9687,1830
9688,1830
9689,1830
9690,1830
9691,1830
9692,1830
9693,1830
9694,1830
9695,1830
9696,1830
9697,1830
9698,1830
9699,1830
9700,1830
9701,1830
9702,1830
9703,1830
9704,1830
9705,1830
9706,1830
9707,1830
9708,1830
9709,1830
9710,1830
9711,1830
9712,1830
9713,1830
9714,1830
9715,1830
9716,1830
9717,1830
9718,1830
9719,1830
9720,1830
9721,1830
9722,1830
9723,1830
9724,1830
9725,1830
9726,1830
9727,1830
9728,1830
9729,1830
9730,1830
9731,1830
9732,1830
9733,1830
9734,1830
9735,1830
9736,1830
9737,1830
9738,1830
9739,1830
9740,1830
9741,1830
9742,1830
9743,1830
9744,1830
9745,1830
9746,1830
9747,1830
9748,1830
9749,1830
9750,1830
9751,1830
9752,1830
9753,1830
9754,1830
9755,1830
9756,1830
9757,1830
9758,1830
9759,1830
9760,1830
9761,1830
9762,1830
9763,1830
9764,1830
9765,1830
9766,1830
9767,1830
9768,1830
9769,1830
9770,1830
9771,1830
9772,1830
9773,1830
9774,1830
9775,1830
9776,1830
9777,1830
9778,1830
9779,1830
9780,1830
9781,1830
9782,1830
9783,1830
9784,1830
9785,1830
9786,1830
9787,1830
9788,1830
9789,1830
9790,1830
9791,1830
9792,1830
9793,1830
9794,1830
9795,1830
9796,1830
9797,1830
9798,1830
9799,1830
9800,1830
9801,1830
9802,1830
9803,1830
9804,1830
9805,1830
9806,1830
9807,1830
9808,1830
9809,1830
9810,1830
9811,1830
9812,1830
9813,1830
9814,1830
9815,1830
9816,1830
9817,1830
9818,1830
9819,1830
9820,1830
9821,1830
9822,1830
9823,1830
9824,1830
9825,1830
9826,1830
9827,1830
9828,1830
9829,1830
9830,1830
9831,1830
9832,1830
9833,1830
9834,1830
9835,1830
9836,1830
9837,1830
9838,1830
9839,1830
9840,1830
9841,1830
9842,1830
9843,1830
9844,1830
9845,1830
9846,1830
9847,1830
9848,1830
9849,1830
9850,1830
9851,1830
9852,1830
9853,1830
9854,1830
9855,1830
9856,1830
9857,1830
9858,1830
9859,1830
9860,1830
9861,1830
9862,1830
9863,1830
9864,1830
9865,1830
9866,1830
9867,1830
9868,1830
9869,1830
9870,1830
9871,1830
9872,1830
9873,1830
9874,1830
9875,1830
9876,1830
9877,1830
9878,1830
9879,1830
9880,1830
9881,1830
9882,1830
9883,1830
9884,1830
9885,1830
9886,1830
9887,1830
9888,1830
9889,1830
9890,1830
9891,1830
9892,1830
9893,1830
9894,1830
9895,1830
9896,1830
9897,1830
9898,1830
9899,1830
9900,1830
9901,1830
9902,1830
9903,1830
9904,1830
9905,1830
9906,1830
9907,1830
9908,1830
9909,1830
9910,1830
9911,1830
9912,1830
9913,1830
9914,1830
9915,1830
9916,1830
9917,1830
9918,1832
9919,1832
9920,1832
9921,1832
9922,1832
9923,1832
9924,1832
9925,1832
9926,1832
9927,1832
9928,1832
9929,1832
9930,1832
9931,1832
9932,1832
9933,1832
9934,1832
9935,1832
9936,1832
9937,1832
9938,1832
9939,1832
9940,1832
9941,1832
9942,1832
9943,1832
9944,1832
9945,1832
9946,1832
9947,1832
9948,1832
9949,1832
9950,1832
9951,1832
9952,1832
9953,1832
9954,1832
9955,1832
9956,1832
9957,1832
9958,1832
9959,1832
9960,1832
9961,1832
9962,1832
9963,1832
9964,1832
9965,1832
9966,1832
9967,1832
9968,1832
9969,1832
9970,1832
9971,1832
9972,1832
9973,1832
9974,1832
9975,1832
9976,1832
9977,1832
9978,1832
9979,1832
9980,1832
9981,1832
9982,1832
9983,1832
9984,1832
9985,1832
9986,1832
9987,1832
9988,1832
9989,1832
9990,1832
9991,1832
9992,1832
9993,1832
9994,1832
9995,1832
9996,1832
9997,1832
9998,1832
9999,1832
10000,1832
10000,1832
10000,1832
